SOURCE,TARGET,TIMESTAMP,SENTIMENT
worldnews,funny,1388646896,-1
worldnews,news,1388694105,1
worldnews,nfl,1388695159,1
worldnews,india,1388818108,-1
worldnews,POLITIC,1388873107,1
worldnews,NorthKoreaNews,1388882641,1
worldnews,health,1389016701,-1
worldnews,internationalpolitics,1389061444,1
worldnews,internationalpolitics,1389061523,1
worldnews,founder,1389061809,-1
worldnews,Teacher,1389075634,1
worldnews,ecursiveRevolt,1389129519,-1
worldnews,atheism,1389223500,1
worldnews,Rohingya,1389254212,1
worldnews,science,1389282490,1
worldnews,everythingscience,1389310725,1
worldnews,300m2,1389321325,1
worldnews,everythingscience,1389361180,1
worldnews,news,1389381536,1
worldnews,technology,1389384578,-1
worldnews,everythingscience,1389455125,-1
worldnews,everythingscience,1389455429,1
worldnews,ireland,1389458965,1
worldnews,conspirators,1389527426,1
worldnews,animalnews,1389550158,1
worldnews,everythingscience,1389617545,1
worldnews,everythingscience,1389628238,1
worldnews,Rohingya,1389697747,-1
worldnews,everythingscience,1389719688,1
worldnews,everythingscience,1389720038,1
worldnews,everythingscience,1389720307,1
worldnews,basicincome,1389754287,1
worldnews,conspirators,1389773856,-1
worldnews,everythingscience,1389789345,1
worldnews,everythingscience,1389792544,1
worldnews,Halifax,1389803390,-1
worldnews,everythingscience,1389836443,-1
worldnews,Rohingya,1389866531,-1
worldnews,Everythingscience,1389874902,-1
worldnews,Everythingscience,1389878455,1
worldnews,Everythingscience,1389878726,-1
worldnews,scotland,1389904047,1
worldnews,rage,1389909371,-1
worldnews,IndiaNews,1389929145,1
worldnews,LegalNews,1389945929,1
worldnews,CredibleIndia,1389960013,-1
worldnews,Everythingscience,1389961547,-1
worldnews,everythingscience,1389974256,1
worldnews,europe,1389975240,-1
worldnews,news,1389987219,1
worldnews,environment,1389998952,-1
worldnews,everythingscience,1390013521,-1
worldnews,indianews,1390014685,-1
worldnews,Rohingya,1390019714,-1
worldnews,Bad_Cop_No_Donut,1390032754,-1
worldnews,self,1390046118,-1
worldnews,conspirators,1390065936,-1
worldnews,news,1390093447,-1
worldnews,everythingscience,1390143649,1
worldnews,ecursiveRevolt,1390146634,-1
worldnews,GMOinfo,1390159180,1
worldnews,Canada,1390244695,-1
worldnews,ecursiveRevolt,1390321380,1
worldnews,videos,1390359111,-1
worldnews,everythingscience,1390396116,1
worldnews,everythingscience,1390396718,1
worldnews,news,1390419794,-1
worldnews,ukraine,1390435103,-1
worldnews,NorthKoreaNews,1390445756,1
worldnews,NorthKoreaNews,1390445801,1
worldnews,ukraine,1390446082,1
worldnews,ukraine,1390446082,1
worldnews,news,1390446082,1
worldnews,news,1390446082,1
worldnews,everythingscience,1390479455,1
worldnews,Rohingya,1390504465,-1
worldnews,indianews,1390504773,-1
worldnews,ukraine,1390508720,-1
worldnews,EverythingScience,1390525604,1
worldnews,ukraine,1390527163,-1
worldnews,LegalNews,1390534635,-1
worldnews,LegalNews,1390547875,1
worldnews,LegalNews,1390553307,1
worldnews,conspirators,1390558920,1
worldnews,NorthKoreaNews,1390563436,-1
worldnews,MTB,1390611438,1
worldnews,evolution,1390614371,1
worldnews,LegalNews,1390618937,-1
worldnews,ukraine,1390651714,-1
worldnews,ukraine,1390651714,-1
worldnews,ConflictOfInterest,1390683847,1
worldnews,CredibleIndia,1390734301,-1
worldnews,indianews,1390757008,1
worldnews,Rohingya,1390776547,-1
worldnews,doctorswithoutborders,1390821960,1
worldnews,ukraine,1390830109,1
worldnews,litecoin,1390850395,1
worldnews,philippines,1390886357,1
worldnews,maidan,1390932042,1
worldnews,oceans,1390957925,1
worldnews,tahahesen,1391011465,1
worldnews,Canada,1391015594,1
worldnews,NorthKoreaNews,1391037501,1
worldnews,europe,1391118256,1
worldnews,news,1391129375,-1
worldnews,ecursiveRevolt,1391132341,-1
worldnews,environment,1391147331,-1
worldnews,nottheonion,1391180806,1
worldnews,NorthKoreaNews,1391255797,-1
worldnews,ConflictOfInterest,1391364295,1
worldnews,hivaids,1391387298,1
worldnews,LegalNews,1391412490,-1
worldnews,ukraine,1391523829,1
worldnews,indonesia,1391548923,1
worldnews,africa,1391550533,-1
worldnews,Transportation,1391585712,1
worldnews,ecursiveRevolt,1391649728,-1
worldnews,Ground,1391672626,1
worldnews,worldpolitics,1391726207,1
worldnews,NorthKoreaNews,1391741910,1
worldnews,olympics,1391802408,1
worldnews,Palestine,1391811679,1
worldnews,funny,1391845102,1
worldnews,internationalpolitics,1391892871,1
worldnews,LegalNews,1391928768,-1
worldnews,pakistan,1391978302,-1
worldnews,NorthKoreaNews,1391994629,-1
worldnews,ecursiveRevolt,1392000107,-1
worldnews,crops,1392007782,-1
worldnews,LegalNews,1392019252,-1
worldnews,NorthKoreaNews,1392058140,1
worldnews,nottheonion,1392111769,-1
worldnews,Rohingya,1392180924,-1
worldnews,Rohingya,1392181139,-1
worldnews,serbia,1392207959,-1
worldnews,GMOinfo,1392233886,-1
worldnews,drugpolicy,1392247695,1
worldnews,TrueProgressive,1392251677,-1
worldnews,MensRights,1392303902,-1
worldnews,news,1392347555,1
worldnews,rage,1392385847,-1
worldnews,cars,1392392959,-1
worldnews,videos,1392515146,1
worldnews,news,1392572904,-1
worldnews,aviation,1392613458,1
worldnews,news,1392615396,1
worldnews,news,1392626789,-1
worldnews,videos,1392660372,1
worldnews,LegalNews,1392705898,-1
worldnews,LegalNews,1392755938,-1
worldnews,ukraine,1392767124,-1
worldnews,Ukraine,1392791800,-1
worldnews,ukraine,1392791800,-1
worldnews,ukraine,1392791800,-1
worldnews,in_violent_turn_ukraine_fighting_kills_at_least_20,1392791800,-1
worldnews,LegalNews,1392849101,1
worldnews,India,1392882643,1
worldnews,UkrainianConflict,1392919246,-1
worldnews,UkraineUprising,1392924911,1
worldnews,oceans,1392934401,1
worldnews,LegalNews,1392936486,-1
worldnews,FreeSpeech,1392936877,1
worldnews,IAmA,1392955615,-1
worldnews,Ukraine,1392955615,-1
worldnews,ukraine,1392955615,-1
worldnews,ukraine,1392955615,-1
worldnews,Ukraine,1392955615,-1
worldnews,UkranianConflict,1392955615,-1
worldnews,vzla,1392955615,-1
worldnews,venezolanos,1392955615,-1
worldnews,internationalpolitics,1392966393,-1
worldnews,euromaidan,1393008651,-1
worldnews,europe,1393008651,-1
worldnews,Ukraine,1393008651,-1
worldnews,ukraine,1393008651,-1
worldnews,ukraine,1393008651,-1
worldnews,Ukraine,1393008651,-1
worldnews,euromaidan,1393008651,-1
worldnews,UkrainianConflict,1393008651,-1
worldnews,ProtestFootage,1393008651,-1
worldnews,LegalNews,1393036460,-1
worldnews,04,1393088927,-1
worldnews,01,1393088927,-1
worldnews,Ukraine,1393088927,-1
worldnews,UkrainianConflict,1393088927,-1
worldnews,euromaidan,1393088927,-1
worldnews,ukraine,1393088927,-1
worldnews,Ukraine,1393088927,-1
worldnews,ukraine,1393088927,-1
worldnews,westpapua,1393091052,-1
worldnews,nosleep,1393097032,-1
worldnews,nosleep,1393097032,-1
worldnews,ecursiveRevolt,1393261344,-1
worldnews,science,1393329339,-1
worldnews,NorthKoreaNews,1393373844,-1
worldnews,news,1393388649,-1
worldnews,conspiracy,1393389547,1
worldnews,news,1393394323,-1
worldnews,news,1393408086,-1
worldnews,HongKong,1393415028,-1
worldnews,GMOinfo,1393425974,1
worldnews,TrueProgressive,1393451613,1
worldnews,WNReebooted,1393465524,-1
worldnews,photography,1393519551,1
worldnews,doctorsithoutborders,1393602480,-1
worldnews,vzla,1393614883,1
worldnews,LegalNews,1393648288,-1
worldnews,LegalNews,1393652407,-1
worldnews,UkrainianConflict,1393774591,-1
worldnews,Author,1393784851,1
worldnews,ukrainianconflict,1393801048,1
worldnews,UkrainianConflict,1393831260,-1
worldnews,Teacher,1393842490,1
worldnews,news,1393868755,-1
worldnews,news,1393885903,-1
worldnews,bys,1393905438,1
worldnews,ukraine,1393906667,-1
worldnews,UkrainianConflict,1393909253,1
worldnews,LegalNews,1393918965,-1
worldnews,news,1393925508,-1
worldnews,credibledefense,1393932715,1
worldnews,UkrainianConflict,1393959959,-1
worldnews,ukraine,1393970641,-1
worldnews,sanitary,1393972936,-1
worldnews,ecursiveRevolt,1394025752,1
worldnews,ecursiveRevolt,1394026459,1
worldnews,woahrldnews,1394028513,1
worldnews,LegalNews,1394054449,-1
worldnews,cumsluts,1394062878,1
worldnews,LegalNews,1394183704,-1
worldnews,News,1394214627,-1
worldnews,Europe,1394215868,1
worldnews,russia,1394341256,1
worldnews,Ukraine,1394375862,-1
worldnews,2014,1394381490,-1
worldnews,20,1394381490,-1
worldnews,17,1394381490,-1
worldnews,4b24d8f7ead17698d115,1394381490,-1
worldnews,detail,1394381490,-1
worldnews,Ukraine,1394381490,-1
worldnews,09,1394381490,-1
worldnews,circlejerk,1394402398,1
worldnews,internationalpolitics,1394404876,1
worldnews,NorthKoreaNews,1394485992,1
worldnews,mildlyinteresting,1394500912,-1
worldnews,organic,1394587739,1
worldnews,aviation,1394631313,-1
worldnews,europe,1394649198,1
worldnews,news,1394659568,-1
worldnews,westpapua,1394666695,-1
worldnews,Brunei,1394669506,1
worldnews,ecursiveRevolt,1394670944,-1
worldnews,canada,1394675007,1
worldnews,tokyo,1394694864,-1
worldnews,europe,1394800896,1
worldnews,GMOinfo,1394907793,-1
worldnews,UkrainianCrisis,1394911415,-1
worldnews,pics,1394937195,-1
worldnews,news,1394995355,1
worldnews,Monsanto,1395015967,-1
worldnews,nfl,1395023760,1
worldnews,scarybilbo,1395046680,-1
worldnews,18,1395122236,1
worldnews,Japan,1395174648,1
worldnews,Author,1395175330,1
worldnews,NorthKoreaNews,1395177138,-1
worldnews,europe,1395178960,1
worldnews,taiwan,1395181338,1
worldnews,MH370,1395247557,1
worldnews,India,1395288780,1
worldnews,BasicIncome,1395313871,1
worldnews,LegalNews,1395382067,-1
worldnews,Bachelorette,1395448080,1
worldnews,NorthKoreaNews,1395456509,1
worldnews,NorthKoreaNews,1395456622,1
worldnews,internationalpolitics,1395557316,1
worldnews,iHeartGMO,1395582839,-1
worldnews,GMOscience,1395585192,1
worldnews,Monsanto,1395586975,-1
worldnews,GMOinfo,1395591620,1
worldnews,UkrainianConflict,1395622718,1
worldnews,Turkey,1395650647,-1
worldnews,news,1395659912,-1
worldnews,taiwan,1395686376,1
worldnews,24,1395691628,1
worldnews,LegalNews,1395717825,-1
worldnews,redactions,1395784036,1
worldnews,NorthKoreaNews,1395854393,-1
worldnews,news,1395865736,-1
worldnews,fracking,1395932150,-1
worldnews,crops,1395936702,1
worldnews,GMOinfo,1395955542,1
worldnews,crops,1396026677,1
worldnews,europrivacy,1396103729,1
worldnews,europrivacy,1396104379,1
worldnews,ConflictOfInterest,1396193336,-1
worldnews,war,1396207875,-1
worldnews,NorthKoreaNews,1396232203,-1
worldnews,LegalNews,1396248808,1
worldnews,NorthKoreaNews,1396312054,-1
worldnews,NorthKoreaNews,1396367935,1
worldnews,LegalNews,1396385035,-1
worldnews,Moldova,1396473166,1
worldnews,LegalNews,1396514468,-1
worldnews,former,1396539393,-1
worldnews,Moldova,1396587473,1
worldnews,NotSouthPark,1396714556,-1
worldnews,teatarkragujevac,1396854237,-1
worldnews,Fareham,1396895524,1
worldnews,LegalNews,1396985197,1
worldnews,GMOinfo,1396988163,-1
worldnews,MorbidReality,1397005555,-1
worldnews,Japan,1397093977,1
worldnews,Australia,1397201790,-1
worldnews,floral,1397223940,1
worldnews,TrueProgressive,1397226613,1
worldnews,fracking,1397276995,-1
worldnews,russia,1397303435,1
worldnews,UkrainianConflict,1397332078,1
worldnews,australia,1397450684,1
worldnews,IndiaNews,1397459174,1
worldnews,IndiaNews,1397460383,1
worldnews,exmuslim,1397482644,-1
worldnews,vzla,1397601870,-1
worldnews,technology,1397620326,1
worldnews,europe,1397628769,1
worldnews,technology,1397630983,1
worldnews,300m2,1397631848,1
worldnews,are,1397640280,1
worldnews,maps,1397861205,1
worldnews,LegalNews,1398033787,-1
worldnews,journalist,1398045007,-1
worldnews,Chinalaw,1398119128,1
worldnews,technology,1398133095,1
worldnews,news,1398147605,1
worldnews,technology,1398147605,1
worldnews,Technology,1398157761,-1
worldnews,drugs,1398207873,-1
worldnews,unitedkingdom,1398270878,1
worldnews,boxing,1398342695,1
worldnews,Russia,1398378513,1
worldnews,TrueProgressive,1398453635,1
worldnews,LegalNews,1398480807,1
worldnews,Moldova,1398491743,1
worldnews,crops,1398619838,-1
worldnews,crops,1398620678,1
worldnews,LegalNews,1398622695,-1
worldnews,japan,1398651805,-1
worldnews,Moldova,1398707885,1
worldnews,LegalNews,1398817207,1
worldnews,LevantineWar,1398848592,1
worldnews,Toronto,1398909760,-1
worldnews,ecursiveRevolt,1399125741,1
worldnews,westpapua,1399292720,-1
worldnews,Moldova,1399315506,1
worldnews,UkrainianConflict,1399336158,1
worldnews,Ukraine,1399336158,1
worldnews,Ukraina,1399336158,1
worldnews,MiddleEastNews,1399354997,1
worldnews,Protector,1399355680,1
worldnews,Moldova,1399385855,1
worldnews,technology,1399411615,-1
worldnews,NorthKoreaNews,1399469878,1
worldnews,ConflictOfInterest,1399485735,1
worldnews,NorthKoreaNews,1399522030,1
worldnews,Moldova,1399654898,1
worldnews,Moldova,1399692210,1
worldnews,LegalNews,1399711738,1
worldnews,Moldova,1399738831,-1
worldnews,GMOinfo,1399746765,-1
worldnews,NorthKoreaNews,1399988727,-1
worldnews,GMOscience,1400016374,-1
worldnews,LegalNews,1400033901,-1
worldnews,Moldova,1400193676,1
worldnews,books,1400209144,1
worldnews,india,1400248348,1
worldnews,USpolitics,1400263561,-1
worldnews,Moldova,1400440011,1
worldnews,work,1400443057,1
worldnews,environment,1400510627,-1
worldnews,Moldova,1400538562,1
worldnews,NorthKoreaNews,1400604426,-1
worldnews,LegalNews,1400654333,-1
worldnews,GMOinfo,1400678779,-1
worldnews,GMOinfo,1400695579,1
worldnews,RestoreTheFourth,1400702818,-1
worldnews,Moldova,1400729830,1
worldnews,Spy,1400791101,1
worldnews,NorthKoreaNews,1400813750,-1
worldnews,IndiaNews,1400931129,1
worldnews,IndiaNews,1400933239,1
worldnews,ecursiveRevolt,1400963484,1
worldnews,GMOinfo,1400976050,1
worldnews,Catholicism,1401015950,1
worldnews,Monsanto,1401040419,1
worldnews,Monsanto,1401041147,1
worldnews,liveupdates,1401045289,1
worldnews,Monsanto,1401125381,-1
worldnews,lgbt,1401469242,-1
worldnews,environment,1401639521,1
worldnews,ecursiveRevolt,1401641540,1
worldnews,Moldova,1401654678,1
worldnews,LegalNews,1401658964,1
worldnews,divestment,1401659640,1
worldnews,altnewz,1401735897,-1
worldnews,Moldova,1401855915,1
worldnews,india,1401877082,1
worldnews,UkrainianConflict,1401895833,1
worldnews,nz,1401927234,-1
worldnews,india,1401942234,-1
worldnews,Intelligence,1401960316,-1
worldnews,LegalNews,1402001653,-1
worldnews,globalhealth,1402016149,-1
worldnews,LegalNews,1402042361,1
worldnews,LegalNews,1402043660,-1
worldnews,Midtier,1402068189,1
worldnews,GMOinfo,1402076818,1
worldnews,GMOinfo,1402084855,1
worldnews,books,1402115933,-1
worldnews,LegalNews,1402123969,1
worldnews,UnitedKingdom,1402153562,1
worldnews,realbikini,1402210355,-1
worldnews,internationalpolitics,1402271362,-1
worldnews,economy,1402322366,-1
worldnews,LegalNews,1402345100,-1
worldnews,GMOinfo,1402509118,-1
worldnews,isil_storms_turkeys_mosul_consulate_takes,1402517123,-1
worldnews,SyrianCivilWar,1402517123,-1
worldnews,ConflictNews,1402517123,-1
worldnews,IraqConflict,1402517123,-1
worldnews,iraqconflict,1402517123,-1
worldnews,Iraq,1402517123,-1
worldnews,Iraq,1402517123,-1
worldnews,Moldova,1402681900,1
worldnews,GMOinfo,1402682579,-1
worldnews,Voting,1402693140,-1
worldnews,WWI,1402754386,-1
worldnews,GMOfaiL,1402769989,-1
worldnews,india,1402788431,-1
worldnews,Moldova,1402940339,-1
worldnews,SyrianCivilWar,1402947489,-1
worldnews,ConflictNews,1402947489,-1
worldnews,news,1403022878,-1
worldnews,ecursiveRevolt,1403043935,-1
worldnews,The,1403097217,1
worldnews,Black,1403106857,1
worldnews,StockNews,1403181921,1
worldnews,StockNews,1403182884,-1
worldnews,japan,1403193961,-1
worldnews,poland,1403218727,-1
worldnews,Australia,1403260193,-1
worldnews,ConflictOfInterest,1403279819,1
worldnews,crops,1403287640,1
worldnews,GMOinfo,1403288523,1
worldnews,Monsanto,1403363450,-1
worldnews,organic,1403455690,1
worldnews,videos,1403456012,-1
worldnews,LegalNews,1403584537,-1
worldnews,cqxx,1403613625,1
worldnews,divestment,1403617916,1
worldnews,divestment,1403622586,1
worldnews,LegalNews,1403635304,1
worldnews,divestment,1403674963,1
worldnews,divestment,1403719355,1
worldnews,GMOinfo,1403729921,-1
worldnews,protectandserve,1403806209,-1
worldnews,globalhealth,1403875936,-1
worldnews,european,1403901985,-1
worldnews,Moldova,1403931071,1
worldnews,european,1403988246,-1
worldnews,LegalNews,1403999157,-1
worldnews,european,1404159957,1
worldnews,Rage,1404173048,1
worldnews,european,1404244740,-1
worldnews,NSALeaks,1404246704,1
worldnews,liveupdates,1404290451,1
worldnews,European,1404295383,1
worldnews,European,1404329919,1
worldnews,soccer,1404346063,1
worldnews,european,1404415791,1
worldnews,tacticalthinktank,1404416785,-1
worldnews,european,1404572021,1
worldnews,ReportInjustice,1404650737,-1
worldnews,liveupdates,1404743776,-1
worldnews,cleric,1404744495,1
worldnews,european,1404744766,1
worldnews,european,1404745161,-1
worldnews,european,1404745646,-1
worldnews,football,1404851771,1
worldnews,NorthKoreaNews,1404878355,-1
worldnews,infrastructurist,1404947806,-1
worldnews,Military,1404961194,1
worldnews,european,1404988712,1
worldnews,politics,1405040647,-1
worldnews,Ireland,1405088313,-1
worldnews,divestment,1405105441,-1
worldnews,Chad,1405156514,1
worldnews,liveupdates,1405192524,-1
worldnews,banksters,1405373026,-1
worldnews,european,1405510900,-1
worldnews,australia,1405526478,1
worldnews,Fox,1405532512,-1
worldnews,ukrainianconflict,1405568799,-1
worldnews,news,1405610397,1
worldnews,Israel,1405657089,1
worldnews,LegalNews,1405660213,1
worldnews,him,1405739530,1
worldnews,ChinaReport,1405838316,1
worldnews,ChinaReport,1405838520,1
worldnews,mapporn,1405913807,1
worldnews,ChinaReport,1405938131,-1
worldnews,Palestine,1405961296,-1
worldnews,banksters,1405975061,1
worldnews,videos,1405977233,1
worldnews,worldpolitics,1406003455,-1
worldnews,Australia,1406005569,1
worldnews,ebola,1406020620,1
worldnews,ebola,1406022162,-1
worldnews,ChinaReport,1406036219,-1
worldnews,ForgottenNews,1406060582,1
worldnews,GMOscience,1406073036,-1
worldnews,India,1406101752,-1
worldnews,LegalNews,1406103212,1
worldnews,ChinaReport,1406114985,1
worldnews,Economics,1406128992,1
worldnews,ebola,1406137688,-1
worldnews,Conspiracy,1406163379,-1
worldnews,ChinaReport,1406188639,-1
worldnews,LegalNews,1406278657,-1
worldnews,ebola,1406302982,-1
worldnews,ebola,1406309569,1
worldnews,ChinaReport,1406349964,1
worldnews,ChinaReport,1406356376,-1
worldnews,india,1406359503,1
worldnews,ChinaReport,1406368920,-1
worldnews,loopholes,1406413653,1
worldnews,ForgottenNews,1406488450,-1
worldnews,Ireland,1406547924,1
worldnews,ebola,1406563330,-1
worldnews,LegalNews,1406593671,-1
worldnews,ebola,1406606732,1
worldnews,banksters,1406640797,1
worldnews,Science,1406643833,1
worldnews,news,1406659199,1
worldnews,globalhealth,1406665759,-1
worldnews,CombatFootage,1406674209,1
worldnews,israel,1406682635,1
worldnews,India,1406748499,-1
worldnews,ebola,1406785515,1
worldnews,ebola,1406785668,1
worldnews,ebola,1406785730,1
worldnews,ebola,1406786497,1
worldnews,justiceporn,1406832368,-1
worldnews,ebola,1406842604,1
worldnews,ChinaReport,1406856010,1
worldnews,ebola,1406861409,-1
worldnews,ebola,1406861884,-1
worldnews,ebola,1406864037,1
worldnews,hacking,1406864732,-1
worldnews,banksters,1406876929,-1
worldnews,ForgottenNews,1406877893,1
worldnews,nottheonion,1406893021,-1
worldnews,socialism,1406913538,1
worldnews,Festive,1406961920,1
worldnews,crops,1406997875,-1
worldnews,ebola,1407088092,-1
worldnews,africa,1407146693,1
worldnews,history,1407186156,-1
worldnews,ChinaReport,1407202783,1
worldnews,ebola,1407269917,1
worldnews,science,1407305089,1
worldnews,science,1407306122,1
worldnews,science,1407306315,1
worldnews,Australia,1407307607,-1
worldnews,ChinaReport,1407315527,1
worldnews,methanecrisis,1407334851,1
worldnews,banksters,1407382394,-1
worldnews,banksters,1407423964,-1
worldnews,korea,1407463699,-1
worldnews,news,1407509900,1
worldnews,european,1407535807,-1
worldnews,Laptop,1407569983,1
worldnews,OutbreakNews,1407614482,1
worldnews,India,1407785569,-1
worldnews,Comedian,1407797935,-1
worldnews,Comedian,1407798684,-1
worldnews,Comedian,1407799278,-1
worldnews,UnbiasedWorldNews,1407839199,-1
worldnews,european,1407894890,1
worldnews,european,1407961374,1
worldnews,european,1407961990,1
worldnews,european,1407963002,-1
worldnews,european,1407967819,1
worldnews,european,1407968446,-1
worldnews,european,1407968589,-1
worldnews,Moldova,1407997684,-1
worldnews,banksters,1408040626,-1
worldnews,LegalNews,1408042462,-1
worldnews,ConflictOfInterest,1408125915,1
worldnews,memphis,1408164993,1
worldnews,GMOinfo,1408214353,-1
worldnews,Machine2Machine,1408227203,1
worldnews,OutbreakNews,1408296279,1
worldnews,india,1408379694,1
worldnews,Canadianpolitics,1408398783,-1
worldnews,OutbreakNews,1408493344,1
worldnews,150m2,1408517693,1
worldnews,OutbreakNews,1408581977,1
worldnews,science,1408710481,-1
worldnews,australia,1408776808,-1
worldnews,TRWN,1408883319,1
worldnews,India,1408894057,1
worldnews,GMOinfo,1408903130,-1
worldnews,Turkey,1409071253,1
worldnews,LegalNews,1409111782,-1
worldnews,journalist,1409114568,1
worldnews,fresno,1409155253,-1
worldnews,Science,1409285969,1
worldnews,india,1409288834,-1
worldnews,basicincome,1409356738,1
worldnews,Africa,1409463745,-1
worldnews,Africa,1409469337,1
worldnews,phillippines,1409637116,-1
worldnews,india,1409676145,1
worldnews,thefappening,1409700553,-1
worldnews,European,1409741291,1
worldnews,nature,1409758028,1
worldnews,european,1409850448,1
worldnews,India,1409937322,-1
worldnews,videos,1409941907,1
worldnews,news,1410037518,-1
worldnews,ebola,1410118687,-1
worldnews,Africa,1410144662,-1
worldnews,Yemen,1410261158,-1
worldnews,Enviroaction,1410304046,1
worldnews,videos,1410475309,1
worldnews,PeaceAndConflict,1410530417,-1
worldnews,india,1410543789,1
worldnews,Toronto,1410614417,1
worldnews,IsraelPalestineWar,1410740271,1
worldnews,paradise,1410844151,1
worldnews,Benghazi,1410876696,-1
worldnews,IsraelPalestineWar,1410912826,-1
worldnews,geopolitics,1410915712,-1
worldnews,pakistan,1410975175,1
worldnews,toronto,1410989103,-1
worldnews,geography,1411039925,1
worldnews,Turkey,1411172353,-1
worldnews,china,1411185879,1
worldnews,Turkey,1411215622,-1
worldnews,syriancivilwar,1411237691,1
worldnews,australia,1411255880,1
worldnews,Blacklipabalone,1411342643,-1
worldnews,NorthKoreaNews,1411509661,-1
worldnews,ChinaReports,1411530336,1
worldnews,BasicIncome,1411571026,-1
worldnews,NorthKoreaNews,1411738489,-1
worldnews,NorthKoreaNews,1411738737,-1
worldnews,GMOinfo,1411838233,1
worldnews,India,1411887171,1
worldnews,India,1411887813,1
worldnews,news,1412009118,1
worldnews,NorthKoreaNews,1412022383,1
worldnews,HongKong,1412197237,-1
worldnews,news,1412200591,1
worldnews,NorthKoreaNews,1412241826,1
worldnews,atheism,1412303501,1
worldnews,hacking,1412305342,1
worldnews,indonesia,1412447616,1
worldnews,GMOinfo,1412529688,-1
worldnews,Palestine,1412617193,-1
worldnews,science,1412626980,1
worldnews,australia,1412680589,1
worldnews,christianity,1412730835,-1
worldnews,LegalNews,1412740631,1
worldnews,IndiaNews,1412759229,-1
worldnews,IndiaNews,1412759280,-1
worldnews,IndiaNews,1412759551,-1
worldnews,IndiaNews,1412759785,-1
worldnews,news,1412777961,-1
worldnews,India,1412783645,1
worldnews,dataisbeautiful,1412887611,1
worldnews,Archaeology,1412963803,1
worldnews,food,1412973476,1
worldnews,StockNews,1412996481,-1
worldnews,StockNews,1412997147,-1
worldnews,news,1413053307,-1
worldnews,socialism,1413054346,1
worldnews,POLITIC,1413173310,-1
worldnews,rad_decentralization,1413217709,-1
worldnews,ebola,1413220019,1
worldnews,LegalNews,1413270092,1
worldnews,geography,1413309597,1
worldnews,HongKong,1413333667,1
worldnews,EbolaUS,1413415688,-1
worldnews,ireland,1413505193,-1
worldnews,ebola,1413512857,-1
worldnews,infrastructurist,1413553784,1
worldnews,India,1413797090,1
worldnews,upliftingnews,1413904495,1
worldnews,inthenews,1413920515,-1
worldnews,winnipeg,1413942182,-1
worldnews,summer,1414057121,1
worldnews,remove,1414120248,1
worldnews,space,1414288065,1
worldnews,news,1414300938,1
worldnews,politics,1414300938,1
worldnews,politics,1414335172,1
worldnews,Scanner,1414578854,1
worldnews,nsa,1414586033,1
worldnews,korea,1414617680,1
worldnews,infrastructurist,1415113986,1
worldnews,India,1415298343,1
worldnews,nsa,1415559671,1
worldnews,korea,1415567072,1
worldnews,euro,1415645560,1
worldnews,Ireland,1415672491,-1
worldnews,europe,1415696329,-1
worldnews,Singapore,1415708902,-1
worldnews,canada,1415722791,1
worldnews,Burma,1415931632,1
worldnews,ukrainianconflict,1415949409,1
worldnews,nosleep,1415978349,-1
worldnews,worldpolitics,1416048829,-1
worldnews,Kurdistan,1416190555,-1
worldnews,technology,1416218419,-1
worldnews,lgbt,1416242568,1
worldnews,MapPorn,1416329130,1
worldnews,canada,1416490044,-1
worldnews,trees,1416505112,1
worldnews,hornet,1416608073,1
worldnews,Sweden,1416760424,1
worldnews,environment,1417145524,-1
worldnews,weather,1417372796,1
worldnews,europe,1417536640,1
worldnews,PeaceAndConflict,1417613582,1
worldnews,ireland,1417909545,1
worldnews,ConflictOfInterest,1417991026,1
worldnews,unitedkingdom,1418059891,1
worldnews,ABCDesis,1418271542,1
worldnews,football,1418500590,-1
worldnews,news,1418686836,-1
worldnews,india,1419135162,1
worldnews,nulledscripts,1419159532,1
worldnews,RareFindONlyTwoKnown,1419213913,1
worldnews,OSHA,1419228420,1
worldnews,ebola,1419448004,1
worldnews,Technology,1419501195,1
worldnews,Kurdistan,1419613968,1
worldnews,sweden,1419615581,-1
worldnews,ahmadiyyat,1419716593,-1
worldnews,ahmadiyyat,1419716623,-1
worldnews,OceanAcidification,1419734368,1
worldnews,OceanAcidification,1419734403,1
worldnews,suicide,1419986038,-1
worldnews,Kurdistan,1420228722,-1
worldnews,europe,1420237928,-1
worldnews,reactiongifs,1420693132,1
worldnews,translator,1420732013,-1
worldnews,faits,1420914752,1
worldnews,Sleeper,1420942974,1
worldnews,india,1421235534,1
worldnews,space,1421237607,-1
worldnews,News,1421453106,1
worldnews,trees,1421791569,1
worldnews,science,1422082563,1
worldnews,news,1422166429,1
worldnews,Palestine,1422370348,-1
worldnews,videos,1422565408,1
worldnews,NSALeaks,1422750324,1
worldnews,refueler,1423080156,1
worldnews,refueler,1423080265,1
worldnews,refueler,1423080471,1
worldnews,bitcoin,1423086908,-1
worldnews,2015,1423287879,-1
worldnews,Iran,1423301670,1
worldnews,Canada,1423368087,1
worldnews,russia,1423420223,1
worldnews,worldpolitics,1423508100,1
worldnews,Actor,1423838359,1
worldnews,live,1423943564,1
worldnews,live,1423943564,1
worldnews,PvtBooger,1424033525,1
worldnews,crickinfo,1424111877,1
worldnews,syriancivilwar,1424559628,1
worldnews,europe,1424601079,1
worldnews,charity,1424717093,1
worldnews,December,1424723115,1
worldnews,late,1424776741,1
worldnews,UkrainianConflict,1424822100,-1
worldnews,news,1424892106,1
worldnews,endlesswar,1424932894,-1
worldnews,NorthKoreaNews,1424983163,1
worldnews,startrek,1425062823,1
worldnews,NorthKoreaNews,1425146353,1
worldnews,Skater,1425184347,1
worldnews,tissueengineering,1425780651,1
worldnews,Event,1425908358,1
worldnews,india,1426003806,1
worldnews,news,1426024002,-1
worldnews,Internet,1426271576,1
worldnews,watchpeopledie,1426311395,1
worldnews,Serbia,1426380711,-1
worldnews,syriancivilwar,1426456884,1
worldnews,Pakistan,1426464678,1
worldnews,nasa,1426494345,1
worldnews,2015,1426529415,-1
worldnews,news,1426646523,1
worldnews,videos,1426782343,1
worldnews,December,1426791606,1
worldnews,atheism,1426968709,-1
worldnews,kurdistan,1427043895,1
worldnews,Reserving,1427150205,1
worldnews,TopGear,1427221215,1
worldnews,news,1427239271,1
worldnews,Beijing,1427245510,-1
worldnews,India,1427541602,-1
worldnews,articleshow,1427716506,1
worldnews,Event,1427814701,1
worldnews,news,1427850622,-1
worldnews,mafia,1427902573,1
worldnews,NorthKoreaNews,1427987767,1
worldnews,offbeat,1428068111,1
worldnews,green,1428082476,-1
worldnews,soccer,1428096573,-1
worldnews,USnews,1428346227,-1
worldnews,en,1428399352,1
worldnews,Crawler,1428574000,1
worldnews,India,1428669463,-1
worldnews,India,1428671049,-1
worldnews,india,1428908250,1
worldnews,unitedkingdom,1429288090,1
worldnews,news,1429491288,-1
worldnews,science,1429631804,-1
worldnews,videos,1429710632,1
worldnews,china,1429803521,1
worldnews,2015,1429997319,-1
worldnews,news,1430001635,-1
worldnews,Malaysia,1430048144,-1
worldnews,Mountains,1430184404,1
worldnews,Pacquiao,1430625150,-1
worldnews,trainer,1430910770,-1
worldnews,nottheonion,1431124498,-1
worldnews,thebutton,1431140618,1
worldnews,india,1431307319,1
worldnews,Nepal,1431614320,1
worldnews,notredame,1431792050,-1
worldnews,India,1431800233,1
worldnews,solar,1432153247,1
worldnews,conspiracy,1432217553,1
worldnews,uknews,1432692136,-1
worldnews,europe,1432727331,-1
worldnews,ireland,1432930609,-1
worldnews,cfb,1433184307,1
worldnews,Geopolitics,1433260792,1
worldnews,TheButton,1433542206,-1
worldnews,muslim,1433607615,-1
worldnews,canada,1434044386,1
worldnews,item,1434049230,-1
worldnews,FatPeopleHate,1434056345,1
worldnews,Robotoids,1434526668,-1
worldnews,Palestine,1434636781,1
worldnews,psychedelics,1434639588,1
worldnews,Little,1434675672,1
worldnews,100,1434909423,1
worldnews,Europe,1435091097,-1
worldnews,worldpolitics,1435158363,1
worldnews,news,1435305812,1
worldnews,Robotoids,1435402728,-1
worldnews,Sous,1435556349,1
worldnews,europe,1435644135,1
worldnews,MorbidReality,1435692685,1
worldnews,pics,1435921166,1
worldnews,IAmA,1435940517,1
worldnews,Drugs,1436044284,-1
worldnews,news,1436080602,1
worldnews,documentaries,1436181103,1
worldnews,Web,1436302511,1
worldnews,Graphic,1436302511,1
worldnews,europe,1436361144,1
worldnews,News,1436541833,1
worldnews,ahmadiyyat,1436568506,1
worldnews,BSA,1436819306,-1
worldnews,futurology,1437072682,1
worldnews,pics,1437161580,-1
worldnews,Mexico,1437430602,-1
worldnews,unexpectedjihad,1437568306,-1
worldnews,conservative,1437570986,1
worldnews,todayilearned,1437580561,-1
worldnews,journalism,1437668451,1
worldnews,Contract,1437711023,1
worldnews,Africa,1437922027,-1
worldnews,Sea,1438092392,-1
worldnews,Services,1438154361,1
worldnews,Mexico,1438289204,1
worldnews,India,1438484498,-1
worldnews,cannibal,1438785115,-1
worldnews,whiskey,1438821617,1
worldnews,Restaurant,1438862859,1
worldnews,Head,1439005213,1
worldnews,india,1439013602,1
worldnews,selfie,1439183719,-1
worldnews,blog,1439193770,1
worldnews,nottheonion,1439222332,1
worldnews,news,1439248977,1
worldnews,01,1439264781,1
worldnews,01,1439348900,1
worldnews,Turkey,1439483450,-1
worldnews,china,1439508870,1
worldnews,watchpeopledie,1439511010,1
worldnews,watchpeopledie,1439512007,1
worldnews,Australia,1439514934,-1
worldnews,01,1439515330,1
worldnews,rudrugs,1439566622,-1
worldnews,WatchPeopleDie,1439566622,-1
worldnews,01,1439606947,1
worldnews,technology,1439791882,-1
worldnews,UkrainianConflict,1439910121,-1
worldnews,8428,1440048437,1
worldnews,Australia,1440226843,-1
worldnews,Neukundengewinnung,1440382856,1
worldnews,nottheonion,1440454041,-1
worldnews,Feminism,1440461814,1
worldnews,india,1440655953,1
worldnews,technology,1440709294,1
worldnews,Singapore,1440743901,-1
worldnews,watchpeopledie,1440857330,-1
worldnews,ARPA,1441189694,1
worldnews,Europe,1441213592,-1
worldnews,Designer,1441460476,1
worldnews,philippines,1441774232,1
worldnews,oenbacachaniakpdlghkomhjbbkdjanc,1442020080,1
worldnews,aibpklnbekpimdkbkhcijjdmdpmojejb,1442025494,1
worldnews,news,1442309623,-1
worldnews,copyright,1442319329,1
worldnews,Brasil,1442446604,-1
worldnews,europe,1442482684,-1
worldnews,Australia,1442552217,-1
worldnews,news,1442792228,1
worldnews,singlechild,1442835481,1
worldnews,Cambodia,1442888438,1
worldnews,EverythingScience,1442937564,-1
worldnews,Festive,1442957532,1
worldnews,Chappell,1442981244,1
worldnews,india,1442985006,-1
worldnews,Chappell,1442991471,1
worldnews,Chappell,1442997470,1
worldnews,husband,1443058769,1
worldnews,Thai,1443085043,1
worldnews,Documentaries,1443186637,1
worldnews,conspiracy,1443282416,1
worldnews,eu,1443505537,-1
worldnews,Europe,1443548024,-1
worldnews,india,1443568650,1
worldnews,worldlyvideos,1443914815,-1
worldnews,newzealand,1444111738,-1
worldnews,technology,1444116946,-1
worldnews,YouSeeComrade,1444195473,1
worldnews,CanadaPolitics,1444245569,-1
worldnews,DeepGreenResistance,1444423103,1
worldnews,worldanarchism,1444776078,-1
worldnews,pics,1444864896,1
worldnews,mildlyinteresting,1444874317,1
worldnews,clients,1444891503,1
worldnews,technology,1444938840,-1
worldnews,songwriter,1445032443,1
worldnews,worldanarchism,1445207004,1
worldnews,6,1445524118,-1
worldnews,europe,1445542193,-1
worldnews,HRNK,1445626635,-1
worldnews,linux,1445711625,-1
worldnews,IndiaMain,1445772241,-1
worldnews,breathinginformation,1445835318,1
worldnews,PMG,1445909971,-1
worldnews,PMG,1445909971,-1
worldnews,PMG,1445909971,-1
worldnews,europeanparliament,1445950940,1
worldnews,Live,1446313942,1
worldnews,copslay,1446426396,1
worldnews,Migrant,1446502603,-1
worldnews,Bitcoin,1446658931,1
worldnews,trees,1446668317,1
worldnews,video,1446774606,1
worldnews,Terrorism,1447034535,1
worldnews,Earth,1447099586,1
worldnews,ireland,1447159647,-1
worldnews,gifs,1447165647,1
worldnews,syriancivilwar,1447263143,-1
worldnews,european,1447366062,-1
worldnews,google,1447695384,1
worldnews,Scotland,1447764866,1
worldnews,thewholecar,1447826246,1
worldnews,aww,1447874797,1
worldnews,environment,1447880741,-1
worldnews,news,1447945211,-1
worldnews,IndiaMain,1447978702,1
worldnews,uktalk,1448485516,-1
worldnews,technology,1448909467,1
worldnews,science,1449103987,1
worldnews,pcmasterrace,1449192349,-1
worldnews,el,1449259244,1
worldnews,Kevin,1449268127,1
worldnews,2015,1449338255,1
worldnews,journalist,1449542123,-1
worldnews,Denmark,1449545927,-1
worldnews,ecr,1449578823,1
worldnews,conspiracy,1449752047,1
worldnews,funny,1449790640,1
worldnews,funny,1449798766,1
worldnews,india,1449809437,1
worldnews,gold,1449814826,1
worldnews,Cricket,1449828639,1
worldnews,Damnthatsinteresting,1449999755,1
worldnews,politics,1450036159,1
worldnews,pics,1450063648,1
worldnews,oddlysatisfying,1450304675,1
worldnews,Manager,1450774499,1
worldnews,worldjews,1450810064,1
worldnews,en,1450861610,1
worldnews,NewsoftheNRA,1451138378,-1
worldnews,BeAmazed,1451421226,1
worldnews,gifs,1451656905,-1
worldnews,news,1451910355,1
worldnews,Europe,1452025043,-1
worldnews,Europe,1452034818,-1
worldnews,conspiracy,1452041252,-1
worldnews,mildlyinteresting,1452155495,-1
worldnews,europe,1452332088,1
worldnews,politics,1452376263,1
worldnews,pics,1452463102,1
worldnews,DavidBowie,1452521621,-1
worldnews,Pub,1452596264,-1
worldnews,PerfectTiming,1452629847,-1
worldnews,India,1452670800,1
worldnews,India,1452671598,1
worldnews,news,1452747545,1
worldnews,TheUncensoredNews,1452915231,1
worldnews,COREG,1452922836,1
worldnews,mildlyinteresting,1452985876,1
worldnews,Europe,1453069952,-1
worldnews,2015,1453158426,1
worldnews,Gift,1453298264,1
worldnews,woahdude,1453320653,1
worldnews,pics,1453513239,1
worldnews,gifs,1453560018,1
worldnews,OSHA,1453695917,1
worldnews,japan,1454306582,1
worldnews,fabriziodomingos,1454331596,1
worldnews,spaceporn,1454406939,1
worldnews,wtf,1454549514,1
worldnews,technology,1454693820,-1
worldnews,india,1454766976,-1
worldnews,WTF,1454877676,1
worldnews,Europe,1454879260,1
worldnews,charge,1454931316,-1
worldnews,refugee,1455271329,1
worldnews,news,1455747214,1
worldnews,hungary,1455896100,-1
worldnews,hungary,1455896188,-1
worldnews,gadgets,1456158045,1
worldnews,germany,1456225432,-1
worldnews,todayIlearned,1456777174,1
worldnews,technewstoday,1457001916,1
worldnews,carnival,1457378383,-1
worldnews,carnival,1457378416,-1
worldnews,Engineer,1457847364,1
worldnews,mississippi,1457875271,1
worldnews,Mussolini,1458215678,-1
worldnews,17,1458216038,1
worldnews,22,1458654541,1
worldnews,medicine,1458747115,-1
worldnews,Riverside,1458818106,-1
worldnews,2016,1459090874,1
worldnews,theBSshield,1459801006,1
worldnews,selbststaendig,1460015603,-1
worldnews,panamapapers,1460057811,-1
worldnews,SanctionedSuicide,1460212356,1
worldnews,Madam,1460233578,1
worldnews,presidential,1460403237,1
worldnews,Mexico,1460603306,-1
worldnews,light,1460638617,-1
worldnews,Druge,1460984915,-1
worldnews,Drugs,1460984948,-1
worldnews,mam,1461005773,1
worldnews,Futureology,1461077202,1
worldnews,canada,1461172400,1
worldnews,australia,1461576020,-1
worldnews,europe,1461834291,1
worldnews,RemarkableRetail,1461932543,1
worldnews,music,1462502072,1
worldnews,AMBER,1462889776,1
worldnews,videos,1462906021,-1
worldnews,Marketing,1463042882,1
worldnews,sports,1463073629,1
worldnews,reptiles,1463098518,1
worldnews,Bloomberg,1463989029,1
worldnews,conspiracy,1464018478,-1
worldnews,SandersForPresident,1464118482,1
worldnews,India,1464971735,1
worldnews,boxing,1465044902,-1
worldnews,syriancivilwar,1465228950,-1
worldnews,exmuslim,1465733186,1
worldnews,news,1465748070,1
worldnews,news,1465748697,1
worldnews,news,1465751110,1
worldnews,news,1465768120,-1
worldnews,news,1465834086,-1
worldnews,news,1465849467,-1
worldnews,news,1465849516,-1
worldnews,Africa,1466077440,1
worldnews,all,1466155457,1
worldnews,SandersForPresident,1466536708,1
worldnews,unitedkingdom,1466764178,1
worldnews,bestof,1466932887,-1
worldnews,Palestine,1467132069,1
worldnews,Catholic_News,1467150638,1
worldnews,Catholic_News,1467209224,1
worldnews,Hostage,1467402207,1
worldnews,Xkna7,1467544432,1
worldnews,Catholic_News,1467656819,1
worldnews,worldnewsdiscussion,1467911647,1
worldnews,Pro,1468353787,1
worldnews,Mini,1468383601,1
worldnews,Catholic_News,1468390496,1
worldnews,Mini,1468420505,1
worldnews,Mini,1468453119,1
worldnews,2016,1468524083,-1
worldnews,Pro,1468536559,1
worldnews,live,1468612072,1
worldnews,index,1468615175,1
worldnews,fullnews,1468624294,-1
worldnews,news_18637,1468742426,1
worldnews,UpliftingNews,1468916361,1
worldnews,Mini,1469010211,1
worldnews,Islam,1469107541,1
worldnews,Mini,1469190257,1
worldnews,Mini,1469201658,1
worldnews,Pro,1469307184,1
worldnews,20160725,1469439759,1
worldnews,Comstic,1469463747,1
worldnews,politics,1469471494,-1
worldnews,InternationalNews,1469481789,1
worldnews,set,1469527255,1
worldnews,sync,1469619810,1
worldnews,f35lightning,1469630036,1
worldnews,Mini,1469633505,1
worldnews,Mini,1469703524,1
worldnews,Honduras,1469759253,1
worldnews,Data,1469776272,1
worldnews,news,1470024510,-1
worldnews,Mini,1470043856,1
worldnews,father,1470062249,1
worldnews,Mini,1470106060,1
worldnews,Mini,1470146712,1
worldnews,Turkey,1470177522,-1
worldnews,Mini,1470180357,1
worldnews,de,1470203846,-1
worldnews,Mini,1470225586,1
worldnews,syriancivilwar,1470300603,1
worldnews,Mini,1470330600,1
worldnews,Clear,1470398187,1
worldnews,Mini,1470404459,1
worldnews,Mini,1470520558,1
worldnews,Mini,1470560526,1
worldnews,Mini,1470628543,1
worldnews,dailyrioolympics,1470670507,1
worldnews,Mini,1470673106,1
worldnews,KIC84628,1470705282,-1
worldnews,Astronomy,1470705282,-1
worldnews,politics,1470803156,1
worldnews,europe,1470838186,-1
worldnews,OutdoorGames,1470977892,1
worldnews,Mini,1471083268,1
worldnews,Pro,1471258959,1
worldnews,Mini,1471364440,1
worldnews,Pro,1471372917,1
worldnews,Pro,1471444997,1
worldnews,iPad,1471478136,1
worldnews,Mini,1471629126,1
worldnews,Mini,1471633034,1
worldnews,mini,1471663326,1
worldnews,Pro,1471733263,1
worldnews,Mini,1471735932,1
worldnews,battery,1471903896,1
worldnews,news,1471943801,1
worldnews,Pro,1471955918,1
worldnews,iPod,1471988928,1
worldnews,2bwk3Ui,1472056475,-1
worldnews,Mini,1472318483,1
worldnews,Pro,1472354479,1
worldnews,Pro,1472358131,1
worldnews,Connector,1472387154,1
worldnews,scuba,1472408221,1
worldnews,space,1472444943,1
worldnews,WTF2,1472533610,-1
worldnews,Bottle,1472535320,1
worldnews,Camera,1472535320,1
worldnews,Pro,1472550917,1
worldnews,Mini,1472693781,1
worldnews,NuclearPower,1472720546,-1
worldnews,Pro,1472733936,1
worldnews,Mini,1472872815,1
worldnews,Mini,1473278231,1
worldnews,norge,1473421027,-1
worldnews,Canada,1473434421,1
worldnews,Bachelorette,1473579816,1
worldnews,The_Donald,1474312740,-1
worldnews,money,1474444009,1
worldnews,seattle,1474688213,-1
worldnews,europrivacy,1475062435,1
worldnews,Bloomberg,1475298743,1
worldnews,singapore,1475316650,-1
worldnews,2016,1475441509,1
worldnews,Android,1475976867,1
worldnews,The_Donald,1476034339,1
worldnews,sites,1476040212,1
worldnews,files,1476040212,1
worldnews,WikiLeaks,1476043324,-1
worldnews,2016,1476059137,1
worldnews,news,1476368447,1
worldnews,india,1476705771,1
worldnews,daughter,1476793507,-1
worldnews,WikiLeaks,1476904724,-1
worldnews,news,1476965948,-1
worldnews,EndlessWar,1476982415,1
worldnews,nprplanetmoney,1477268203,1
worldnews,europrivacy,1477322861,1
worldnews,australia,1477596501,1
worldnews,U,1477929770,1
worldnews,How,1478116840,1
worldnews,travel,1478184563,1
worldnews,Android,1478219718,-1
worldnews,IndiaMain,1478328653,-1
worldnews,australia,1478398609,1
worldnews,exmuslim,1478565554,-1
worldnews,China,1478568818,-1
worldnews,songwriter,1478829693,-1
worldnews,Europe,1478876812,1
worldnews,centrifugal,1478933434,1
worldnews,syriancivilwar,1478983402,1
worldnews,androiddev,1479137682,1
worldnews,crypto,1479250185,1
worldnews,pizzagate,1479339463,1
worldnews,unitedkingdom,1479388896,1
worldnews,BasicIncome,1479481554,1
worldnews,Futurology,1479621680,1
worldnews,2016,1479674581,1
worldnews,news,1479749809,-1
worldnews,Islam,1479761275,1
worldnews,pizzagate,1479815278,1
worldnews,hotel,1479818379,1
worldnews,Skrill,1480327543,1
worldnews,panamapapers,1480655987,1
worldnews,him,1480695771,1
worldnews,malaysia,1480917904,-1
worldnews,Cyberpunk,1481358004,-1
worldnews,DE,1481358842,-1
worldnews,France,1481358842,-1
worldnews,Canada,1481358842,-1
worldnews,Belgium,1481358842,-1
worldnews,ColdWarTrumpets,1481409774,1
worldnews,research,1481442573,1
worldnews,survival,1481664781,-1
worldnews,TL,1481806942,1
worldnews,Draco,1481941717,-1
worldnews,canada,1481956237,-1
worldnews,TheFallOfEurope,1482781813,-1
worldnews,MotorWorldgames,1482950090,1
worldnews,actress,1482959441,1
worldnews,AndoidGaming,1483108482,1
worldnews,suomi,1483189706,1
worldnews,producer,1483438494,-1
worldnews,Space,1483813588,-1
worldnews,2017,1484192267,1
worldnews,Metal,1484202276,1
worldnews,defense,1484202883,1
worldnews,ChineseLanguge,1484404968,1
worldnews,aftertheflood,1484469838,1
worldnews,Supplier,1484731234,1
worldnews,Supplier,1484731234,1
worldnews,a,1484931763,-1
worldnews,news,1485119884,1
worldnews,Party,1485276188,1
worldnews,AndroidGaming,1485527685,1
worldnews,boston_federal_court_puts_hold_on_trumps_travel,1485711856,-1
worldnews,EmulationOnAndroid,1485797684,1
worldnews,announcements,1485963222,1
worldnews,reports,1485963222,1
worldnews,2017,1486075191,1
worldnews,Land,1486141729,-1
worldnews,AndroidGaming,1486154073,1
worldnews,vegan,1486217237,1
worldnews,news,1486293176,-1
worldnews,sb2017live,1486324223,1
worldnews,world,1486347672,1
worldnews,author,1486479592,-1
worldnews,survival,1486520702,-1
worldnews,research,1487162527,1
worldnews,Jamaica,1487208492,1
worldnews,Jamaica,1487209126,1
worldnews,Eyewear,1487566436,1
worldnews,uncensorednews,1487684440,-1
worldnews,pinkfloyd,1487698161,1
worldnews,pinkfloyd,1487698161,1
worldnews,pinkfloyd,1487699508,1
worldnews,unitedkingdom,1487866451,-1
worldnews,The_Donald,1487887049,1
worldnews,europrivacy,1487966726,1
worldnews,console,1488303292,1
worldnews,finance,1488394495,-1
worldnews,news,1488481051,-1
worldnews,EarlyAdopter,1488943212,1
worldnews,graphic,1488950326,-1
worldnews,drug,1488974300,-1
worldnews,Hilton,1489038640,1
worldnews,europe,1489043918,-1
worldnews,Nickel,1489053418,1
worldnews,09,1489104545,-1
worldnews,Outdoor,1489375570,1
worldnews,montreal,1489561007,1
worldnews,Eyewear,1489653447,1
worldnews,nappy,1489717725,-1
worldnews,grand,1489996273,1
worldnews,Registrar,1490070363,1
worldnews,aftertheflood,1490094670,1
worldnews,Eyewear,1490259946,1
worldnews,wp,1490310178,1
worldnews,mortar,1490604486,1
worldnews,mortar,1490610368,1
worldnews,packing,1490611627,1
worldnews,history,1490722483,1
worldnews,survival,1491015765,-1
worldnews,Place,1491132879,1
worldnews,Co,1491161672,1
worldnews,Eyewear,1491208190,1
worldnews,military,1491504643,-1
worldnews,unitedkingdom,1491726800,1
worldnews,news,1491824687,1
worldnews,videos,1491829023,1
worldnews,Philippines,1491898597,-1
worldnews,Black,1491910041,1
worldnews,storage,1491975944,1
worldnews,concrete,1491983974,1
worldnews,dry,1491983974,1
worldnews,ready,1491983974,1
worldnews,Plastering,1491985755,1
worldnews,Wall,1491985755,1
worldnews,northkoreanews,1492041459,1
worldnews,space,1492107644,1
worldnews,news,1492115103,-1
worldnews,politics,1492130532,-1
worldnews,Sub,1492235122,1
worldnews,survival,1492330804,-1
worldnews,geopolitics,1492449728,1
worldnews,Opinium,1492906884,1
worldnews,ar,1492910036,1
worldnews,electric,1493201611,1
worldnews,2017,1493222892,-1
worldnews,1901301,1493475808,-1
worldnews,wncn,1493665407,1
worldnews,news,1493682705,1
worldnews,europe,1493745100,-1
worldnews,hackers,1493847099,-1
worldnews,284936,1494052932,1
worldnews,islam,1494099740,1
worldnews,Consulting,1494524384,1
worldnews,20209,1494906216,1
worldnews,esist,1495106701,1
worldnews,Daily,1495147305,1
worldnews,The_Donald,1495244744,-1
worldnews,tower,1495309102,1
worldnews,news,1495456470,-1
worldnews,news,1495495387,1
worldnews,survival,1495551748,-1
worldnews,Philippines,1495568245,-1
worldnews,Discussion,1495597087,-1
worldnews,AndroidGaming,1495640341,1
worldnews,Bitcoin,1495668231,1
worldnews,france,1495721971,1
worldnews,place,1496209105,1
worldnews,Eyewear,1496388498,1
worldnews,BasicGeneralKnowledge,1496396213,1
worldnews,wtf,1496557552,-1
worldnews,Eyewear,1496647092,1
worldnews,Outdoor,1496692916,1
worldnews,Clip,1496821097,1
worldnews,europrivacy,1497031607,1
worldnews,1v6q,1497168234,1
worldnews,research,1497269791,1
worldnews,Japan,1497312573,1
worldnews,soccer,1497413022,1
worldnews,heat,1497793551,-1
worldnews,technology,1497997242,1
worldnews,soccer,1498064353,-1
worldnews,Belt,1498134718,1
worldnews,Abbas,1498330364,-1
worldnews,FSR,1498365249,1
worldnews,electricvehicles,1498597859,-1
worldnews,Eyewear,1498629723,1
worldnews,india,1498666728,-1
worldnews,Ivanka,1498772626,1
worldnews,rundown,1498791942,1
worldnews,Spectrum,1499189207,1
worldnews,dp,1499390664,1
worldnews,askreddit,1499614733,1
worldnews,White,1499792009,1
worldnews,video,1499801176,1
worldnews,dp,1499840373,1
worldnews,technology,1500043832,-1
worldnews,284936,1500444819,1
worldnews,White,1500621370,1
worldnews,4,1500729922,-1
worldnews,populated,1500853097,1
worldnews,Eyewear,1500874906,1
worldnews,DurangoWildLands,1500968305,1
worldnews,news,1501012221,1
worldnews,Condenser,1501078027,1
worldnews,unitedkingdom,1501330504,-1
worldnews,United_Stronger,1501340083,-1
worldnews,w,1501371534,1
worldnews,science,1501434625,-1
worldnews,Australia,1501474609,-1
worldnews,redditoroftheday,1501491454,-1
worldnews,self,1501491454,-1
worldnews,reddit,1501491454,-1
worldnews,democrats,1501491454,-1
worldnews,news,1501621786,1
worldnews,research,1502089250,1
worldnews,politics,1502289853,-1
worldnews,Eyewear,1502425502,1
worldnews,2017,1502482241,1
worldnews,EndangeredSpecies,1502553636,1
worldnews,UpliftingNews,1502994263,-1
worldnews,status,1503209083,1
worldnews,TL,1503920675,1
worldnews,Turkey,1503935601,-1
worldnews,developer,1503985116,1
worldnews,Cytus,1504028317,1
worldnews,news,1504113204,1
worldnews,Polska,1504162297,-1
worldnews,Macbook,1504865045,1
worldnews,dp,1504922794,1
worldnews,FFRecordKeeper,1505021913,1
worldnews,The_Donald,1505231737,-1
worldnews,WarUpdates,1506026275,1
worldnews,malaysia,1506510156,1
worldnews,europe,1506789644,-1
worldnews,Theatricals,1506892387,1
worldnews,NEWS,1506933100,1
worldnews,bb,1507232988,1
worldnews,HBWorld,1507244805,1
worldnews,Eyewear,1507701692,1
worldnews,Moto_Z,1507721898,1
worldnews,unitedkingdom,1507749799,1
worldnews,politics,1508541737,1
worldnews,techstock,1508698619,1
worldnews,ventes_immobilieres,1508826959,1
worldnews,WWE,1508878894,1
worldnews,73,1509010461,1
worldnews,islam,1509056652,-1
worldnews,PodOneNetwork,1509466223,1
worldnews,technology,1509564868,1
worldnews,singer,1509769249,1
worldnews,url,1509839892,1
worldnews,bosna,1510139557,1
worldnews,IndianCountry,1510236289,1
worldnews,WarUpdates,1510696235,1
worldnews,smart,1510725535,1
worldnews,Mexico,1511102795,-1
worldnews,free,1511541187,1
worldnews,funny,1511615714,1
worldnews,CampfireCooking,1511688652,-1
worldnews,parcel,1512157825,1
worldnews,conspiracy,1512317946,-1
worldnews,post,1512507848,1
worldnews,Astrophysicist,1512937904,1
worldnews,gifs,1513097422,1
worldnews,pp_454353,1513146151,1
worldnews,Bangladesh,1513271874,-1
worldnews,AndroidGaming,1513377519,1
worldnews,AndroidGaming,1513960726,1
worldnews,business,1514003361,1
worldnews,Turkey,1514030287,1
worldnews,news,1514289577,1
worldnews,japan,1514340186,1
worldnews,worldpolitics,1514895996,1
worldnews,AndroidGaming,1514997505,1
worldnews,ChinaExposed,1515038554,-1
worldnews,UnitedKingdom,1515250274,1
worldnews,news,1515521464,1
worldnews,india,1515521635,1
worldnews,rape,1515601874,-1
worldnews,Walmart,1515746100,-1
worldnews,deepfakes,1517501195,1
worldnews,AndroidGaming,1517621913,1
worldnews,PanamaPapers,1517852681,1
worldnews,HongKong,1517921821,1
worldnews,old,1518894880,-1
worldnews,technology,1519215535,1
worldnews,YouShouldKnow,1519341107,-1
worldnews,01,1519902878,1
worldnews,The_Donald,1520012668,1
worldnews,The_Donald,1520014085,1
worldnews,SandersForPresident,1520024265,1
worldnews,Oscar2018Livehd,1520189472,1
worldnews,presidential,1521097823,-1
worldnews,The_donald,1521165759,-1
worldnews,17,1521333217,1
worldnews,a,1521448288,1
worldnews,a,1521535864,1
worldnews,a,1521535864,1
worldnews,a,1521539466,1
worldnews,civ,1522579102,1
worldnews,politics,1522607502,-1
worldnews,RedditCensors,1522710887,-1
worldnews,Message_Center,1522972367,-1
worldnews,AccessHollywood,1522974571,1
worldnews,AccessHollywood,1522978566,1
worldnews,AccessHollywood,1522982708,1
worldnews,AccessHollywood,1522986310,1
worldnews,AccessHollywood,1522990037,1
worldnews,AccessHollywood,1522994170,1
worldnews,tsantes,1523013715,1
worldnews,skeptic,1523118495,1
worldnews,misc,1523458696,-1
worldnews,politics,1523465668,-1
worldnews,pub,1523877127,1
worldnews,newsokuexp,1524063334,1
worldnews,luislifon,1524115829,1
worldnews,news,1524166659,-1
worldnews,open_news,1524192071,-1
worldnews,activist,1524417552,-1
worldnews,s,1524446417,1
worldnews,Cricket,1524521182,1
worldnews,incels,1524607435,-1
worldnews,slave,1524693922,1
worldnews,East,1524711219,-1
worldnews,Getty,1524810492,1
worldnews,Jimboows,1524854054,1
worldnews,Getty,1524871758,1
worldnews,baertaffy,1524974532,1
worldnews,Earthquake,1525143493,1
worldnews,publicfreakout,1525315743,1
worldnews,primeirodobrasil,1525425253,1
worldnews,Top1DoBrasil,1525425253,1
worldnews,GC,1525528454,1
worldnews,Kid,1525736867,1
worldnews,Getty,1525746613,1
worldnews,songwriter,1525887255,1
worldnews,Large,1525913882,1
worldnews,europe,1525974500,1
worldnews,consultoria,1526129118,1
worldnews,ireland,1526399272,-1
worldnews,politics,1526439778,-1
worldnews,RoyaLWedding2018,1526699036,1
worldnews,TheRoyalWeddingLive,1526720156,1
worldnews,RoyaLWedding2018,1526723666,1
worldnews,directo,1526858535,1
worldnews,Getty,1526859133,1
worldnews,Getty,1526942296,1
worldnews,Getty,1526949736,1
worldnews,Earthquake,1526962336,1
worldnews,Bull,1527227003,1
worldnews,Earthquake,1527229700,1
worldnews,Game,1527259630,-1
worldnews,slide,1527275859,1
worldnews,open_news,1527374905,-1
worldnews,photographer,1527629355,1
worldnews,slide,1527697219,1
worldnews,author,1527705494,1
worldnews,Earthquake,1527730808,1
worldnews,islam,1527953029,-1
worldnews,slide,1528139654,1
worldnews,slide,1528297453,-1
worldnews,Producer,1528541952,1
worldnews,Warner,1528672699,1
worldnews,slide,1528702157,-1
worldnews,2018,1528730208,1
worldnews,2018,1528769453,1
worldnews,world,1528769453,1
worldnews,Getty,1528857201,1
worldnews,unitedkingdom,1529219059,-1
worldnews,pound,1529288034,1
worldnews,2018,1529312973,1
worldnews,news,1529601338,1
worldnews,Betcom,1529716159,1
worldnews,youtube,1529792394,1
worldnews,VietNam,1529808101,1
worldnews,Earthquake,1529871122,1
worldnews,REX,1529902636,1
worldnews,article,1530025403,1
worldnews,AffiliateHacks,1530101035,1
worldnews,slide,1530106516,-1
worldnews,Lucasfilm,1530232475,-1
worldnews,news,1530610087,1
worldnews,Betcom,1530823520,-1
worldnews,Betcom,1530831016,1
worldnews,Betcom,1530846073,-1
worldnews,X4TYxC617unz,1530913046,1
worldnews,2Lh7HhV,1531589027,1
worldnews,slide,1531665980,1
worldnews,southafrica,1531732694,-1
worldnews,AvengersInfinityWar,1531740797,1
worldnews,soccer,1531762307,1
worldnews,GC,1531779437,1
worldnews,4S,1531807549,1
worldnews,europe,1531828689,1
worldnews,america,1531836819,-1
worldnews,Seller,1531917099,-1
worldnews,Economics,1531941627,1
worldnews,Seller,1531983462,-1
worldnews,Selection,1532009237,1
worldnews,Betcom,1532011999,1
worldnews,make,1532092873,-1
worldnews,politics,1532104604,1
worldnews,politics,1532104671,1
worldnews,China,1532302069,-1
worldnews,news,1532400970,1
worldnews,europe,1532523633,-1
worldnews,bnrgpp,1532615295,-1
worldnews,animalsBeingJerks,1532845972,-1
worldnews,review,1533114569,1
worldnews,filmmaker,1533164717,1
worldnews,pics,1533409213,-1
worldnews,teenagers,1533470646,-1
worldnews,teenagers,1533470646,-1
worldnews,2018,1533655219,1
worldnews,slide,1533680355,1
worldnews,news,1533776673,1
worldnews,news,1533777317,1
worldnews,environment,1533856886,-1
worldnews,Getty,1534122737,1
worldnews,news,1534222877,-1
worldnews,Sipa,1534299078,1
worldnews,Corbis,1534596556,1
worldnews,Corbis,1534597516,1
worldnews,government,1534688119,-1
worldnews,Corbis,1534812439,1
worldnews,brcfua,1534899996,1
worldnews,southafrica,1535134694,-1
worldnews,news,1535209614,-1
worldnews,Getty,1536188300,1
worldnews,slide,1536190396,1
worldnews,show,1536656962,1
worldnews,Betcom,1536667399,1
worldnews,GreatAwakening,1536794770,-1
worldnews,Nicaragua,1536797035,-1
worldnews,MadeMeSmile,1536921918,1
worldnews,saudipatriot,1537069700,-1
worldnews,news,1537216537,-1
worldnews,GC,1537521043,1
worldnews,Europe,1537645243,1
worldnews,slide,1537645744,1
worldnews,Purrito,1537868966,1
worldnews,economy,1538146820,1
worldnews,weather,1538237786,1
worldnews,braincels,1538419886,-1
worldnews,wcm,1538471366,1
worldnews,slide,1538855621,1
worldnews,4S,1538859735,1
worldnews,environment,1539094036,1
worldnews,cute,1539164970,1
worldnews,Aww,1539164970,1
worldnews,MBS,1539267590,1
worldnews,Promotevideoarticle,1539684229,1
worldnews,Daughter,1539715776,1
worldnews,conspiracy,1539807005,1
worldnews,conspiracy,1539807608,1
worldnews,internetbrasil,1539814341,1
worldnews,GC,1540064682,1
worldnews,slide,1540286138,-1
worldnews,The_Donald,1540287384,1
worldnews,rapper,1540795902,-1
worldnews,slide,1540799500,-1
worldnews,IAmA,1540832059,1
worldnews,EuropeanUnion,1540836791,1
worldnews,Betcom,1540843795,-1
worldnews,Waitress,1540971054,1
worldnews,gossiponthis,1541040476,1
worldnews,Anteaters,1541098173,1
worldnews,Aww,1541098173,1
worldnews,FilmMagic,1541217581,1
worldnews,Israel,1541246877,-1
worldnews,slide,1541247101,1
worldnews,Getty,1541675566,-1
worldnews,actress,1541826291,1
worldnews,Getty,1541850890,1
worldnews,Betcom,1541858391,-1
worldnews,Victoria,1541933765,1
worldnews,It,1542319823,1
worldnews,singer,1542351056,1
worldnews,singapore,1542353089,-1
worldnews,Chef,1542619563,1
worldnews,ico,1542765058,1
worldnews,slide,1542880922,1
worldnews,slide,1542892777,1
worldnews,StopFossilFuels,1542917557,-1
worldnews,pics,1543314540,-1
worldnews,Getty,1543621179,1
worldnews,Store,1543648842,1
worldnews,europe,1543687164,1
worldnews,awkwardfamilyphotos,1544003964,1
worldnews,344045,1544446226,1
worldnews,Burma,1544477228,1
worldnews,electronicmusic,1544532221,1
worldnews,Betcom,1544731974,1
worldnews,Betcom,1544755063,1
worldnews,Proposal,1545205261,1
worldnews,badpill,1545240222,1
worldnews,Proposal,1545287780,1
worldnews,Betcom,1545312986,1
worldnews,Proposal,1545373875,1
worldnews,Proposal,1545467029,1
worldnews,Synthesizers,1545493407,1
worldnews,gossiponthis,1545506427,1
worldnews,Proposal,1545736350,1
worldnews,Proposal,1545826630,1
worldnews,The,1545840057,1
worldnews,status,1545947009,1
worldnews,politics,1546120407,-1
worldnews,Pedophile,1546123396,-1
worldnews,catsandchristmastrees,1546530583,1
worldnews,Aww,1546530583,1
worldnews,GC,1546556246,1
worldnews,amp,1546562622,1
worldnews,comedian,1546639572,1
worldnews,air,1546729384,1
worldnews,Waitress,1546944130,1
worldnews,status,1547167419,1
worldnews,Sudan,1547301806,1
worldnews,slide,1547566039,1
worldnews,Animal_Sanctuary,1547718565,1
worldnews,Aww,1547718565,1
worldnews,songwriter,1547858486,-1
worldnews,pangolinappreciation,1548323369,1
worldnews,Aww,1548323369,1
worldnews,slide,1548410417,1
worldnews,gossiponthis,1548455415,-1
worldnews,gossiponthis,1548471620,-1
worldnews,gossiponthis,1548478819,-1
worldnews,gossiponthis,1548511226,1
worldnews,gossiponthis,1548516625,1
worldnews,gossiponthis,1548626443,1
worldnews,gossiponthis,1548640819,1
worldnews,gossiponthis,1548662431,1
worldnews,gossiponthis,1548666084,1
worldnews,gossiponthis,1548727217,-1
worldnews,gossiponthis,1548752417,-1
worldnews,gossiponthis,1548757817,-1
worldnews,slide,1548783030,1
worldnews,gossiponthis,1548797432,-1
worldnews,gossiponthis,1548819043,-1
worldnews,gossiponthis,1548824423,-1
worldnews,gossiponthis,1548842422,1
worldnews,gossiponthis,1548865825,-1
worldnews,gossiponthis,1548907219,-1
worldnews,gossiponthis,1548912645,-1
worldnews,gossiponthis,1548927020,-1
worldnews,SuperbOwl,1548928184,1
worldnews,aww,1548928184,1
worldnews,gossiponthis,1548937841,-1
worldnews,gossiponthis,1548990043,-1
worldnews,comic,1549054823,1
worldnews,gossiponthis,1549065686,-1
worldnews,gossiponthis,1549080070,1
worldnews,gossiponthis,1549101619,1
worldnews,gossiponthis,1549150221,-1
worldnews,rapper,1549211422,1
worldnews,gossiponthis,1549242039,1
worldnews,gossiponthis,1549272618,1
worldnews,gossiponthis,1549287018,1
worldnews,slide,1549319425,1
worldnews,gossiponthis,1549332018,-1
worldnews,gossiponthis,1549337419,-1
worldnews,gossiponthis,1549359023,1
worldnews,gossiponthis,1549378845,1
worldnews,gossiponthis,1549389622,1
worldnews,gossiponthis,1549395034,-1
worldnews,videos,1549401915,1
worldnews,gossiponthis,1549409431,-1
worldnews,gossiponthis,1549440023,-1
worldnews,gossiponthis,1549461617,1
worldnews,gossiponthis,1549513819,-1
worldnews,SneakySneke,1549532975,1
worldnews,Aww,1549532975,1
worldnews,gossiponthis,1549573222,-1
worldnews,gossiponthis,1549609243,1
worldnews,gossiponthis,1549632650,-1
worldnews,Be,1549647019,1
worldnews,gossiponthis,1549665025,-1
worldnews,gossiponthis,1549670419,-1
worldnews,gossiponthis,1549675834,-1
worldnews,gossiponthis,1549688422,-1
worldnews,gossiponthis,1549719022,1
worldnews,gossiponthis,1549756819,1
worldnews,gossiponthis,1549792818,1
worldnews,gossiponthis,1549821630,-1
worldnews,gossiponthis,1549834221,1
worldnews,gossiponthis,1549839626,1
worldnews,gossiponthis,1549857624,1
worldnews,gossiponthis,1549900854,1
worldnews,gossiponthis,1549927851,1
worldnews,gossiponthis,1549940431,1
worldnews,gossiponthis,1549951220,-1
worldnews,gossiponthis,1549956620,1
worldnews,gossiponthis,1549962022,-1
worldnews,gossiponthis,1549971024,1
worldnews,gossiponthis,1550007054,-1
worldnews,gossiponthis,1550030441,1
worldnews,gossiponthis,1550055649,-1
worldnews,gossiponthis,1550079033,-1
worldnews,Aboveandbeyond,1550083441,1
worldnews,gossiponthis,1550097019,1
worldnews,PiratePets,1550148573,1
worldnews,Aww,1550148573,1
worldnews,Trafficker,1550652446,1
worldnews,Nail,1550754625,1
worldnews,Proposal,1550818178,1
worldnews,CatsStaringAtWalls,1550828962,1
worldnews,Aww,1550828962,1
worldnews,gossiponthis,1550849427,1
worldnews,Proposal,1550905200,1
worldnews,gossiponthis,1550928626,-1
worldnews,gossiponthis,1550964618,-1
worldnews,gossiponthis,1550998822,-1
worldnews,EDM,1551001410,1
worldnews,gossiponthis,1551013222,1
worldnews,gossiponthis,1551020418,-1
worldnews,gossiponthis,1551027624,-1
worldnews,gossiponthis,1551052826,-1
worldnews,gossiponthis,1551061833,-1
worldnews,Proposal,1551076217,1
worldnews,gossiponthis,1551078056,1
worldnews,gossiponthis,1551101440,-1
worldnews,gossiponthis,1551108618,-1
worldnews,gossiponthis,1551112347,1
worldnews,gossiponthis,1551121269,1
worldnews,gossiponthis,1551205861,1
worldnews,gossiponthis,1551209430,1
worldnews,producer,1551236423,1
worldnews,gossiponthis,1551243621,1
worldnews,gossiponthis,1551252618,1
worldnews,EbonycomRssFeed,1551267063,1
worldnews,gossiponthis,1551268868,1
worldnews,gossiponthis,1551283226,1
worldnews,gossiponthis,1551317442,1
worldnews,Mustelids,1551347369,1
worldnews,Aww,1551347369,1
worldnews,gossiponthis,1551353435,1
worldnews,electronicmusic,1551379409,-1
worldnews,electronicmusic,1551379409,-1
worldnews,gossiponthis,1551393922,1
worldnews,gossiponthis,1551415457,1
worldnews,gossiponthis,1551420262,-1
worldnews,gossiponthis,1551424348,1
worldnews,gossiponthis,1551462616,1
worldnews,gossiponthis,1551466573,-1
worldnews,gossiponthis,1551480154,1
worldnews,gossiponthis,1551508710,-1
worldnews,gossiponthis,1551557008,-1
worldnews,gossiponthis,1551561438,1
worldnews,gossiponthis,1551565206,1
worldnews,gossiponthis,1551573930,1
worldnews,neutral,1551575778,1
worldnews,gossiponthis,1551594101,-1
worldnews,gossiponthis,1551597706,-1
worldnews,gossiponthis,1551649713,1
worldnews,gossiponthis,1551661868,-1
worldnews,Cashier,1551682316,1
worldnews,gossiponthis,1551719113,-1
worldnews,gossiponthis,1551740526,1
worldnews,gossiponthis,1551802339,1
worldnews,gossiponthis,1551819391,-1
worldnews,gossiponthis,1551823332,1
worldnews,gossiponthis,1551832575,1
worldnews,gossiponthis,1551841236,-1
worldnews,gossiponthis,1551861022,1
worldnews,gossiponthis,1551888023,1
worldnews,vrpexperts,1551893788,1
worldnews,vrpexperts,1551893836,1
worldnews,gossiponthis,1551898829,1
worldnews,gossiponthis,1551904228,-1
worldnews,gossiponthis,1551925820,-1
worldnews,gossiponthis,1551931218,1
worldnews,gossiponthis,1551938431,-1
worldnews,VRPexperts,1551956834,1
worldnews,VRPexperts,1551957069,1
worldnews,gossiponthis,1551960026,-1
worldnews,gossiponthis,1551988868,1
worldnews,gossiponthis,1552015817,1
worldnews,director,1552032029,-1
worldnews,gossiponthis,1552041023,1
worldnews,gossiponthis,1552053614,1
worldnews,gossiponthis,1552431627,-1
worldnews,gossiponthis,1552494639,-1
worldnews,gossiponthis,1552516238,1
worldnews,GC,1552518027,1
worldnews,gossiponthis,1552527028,-1
worldnews,gossiponthis,1552534225,-1
worldnews,india,1552547195,-1
worldnews,funny,1552571933,-1
worldnews,RaveHelp,1552578256,-1
worldnews,gossiponthis,1552599031,-1
worldnews,gossiponthis,1552626036,-1
worldnews,gossiponthis,1552636826,-1
worldnews,watchpeopledie,1552693885,1
worldnews,watchpeopledie,1552706859,1
worldnews,gossiponthis,1552710636,-1
worldnews,gossiponthis,1552728616,1
worldnews,gossiponthis,1552753841,-1
worldnews,gossiponthis,1552773614,-1
worldnews,FuckBarbara,1552800819,-1
worldnews,FuckConnie,1552800819,-1
worldnews,gossiponthis,1552806038,1
worldnews,gossiponthis,1552865435,-1
worldnews,gossiponthis,1552946427,-1
worldnews,UpliftingNews,1552956393,1
worldnews,gossiponthis,1552971625,-1
worldnews,gossiponthis,1552986014,-1
worldnews,gossiponthis,1553027422,1
worldnews,gossiponthis,1553050830,-1
worldnews,gossiponthis,1553070617,1
worldnews,gossiponthis,1553104820,1
worldnews,gossiponthis,1553128231,1
worldnews,gossiponthis,1553140821,1
worldnews,gossiponthis,1553157021,-1
worldnews,gossiponthis,1553211027,-1
worldnews,gossiponthis,1553229016,-1
worldnews,gossiponthis,1553252423,-1
worldnews,badpill,1553277327,1
worldnews,gossiponthis,1553308887,1
worldnews,gossiponthis,1553313322,-1
worldnews,gossiponthis,1553361635,1
worldnews,gossiponthis,1553365500,-1
worldnews,gossiponthis,1553393992,1
worldnews,gossiponthis,1553398355,-1
worldnews,gossiponthis,1553402448,-1
worldnews,gossiponthis,1553415320,-1
worldnews,gossiponthis,1553423419,-1
worldnews,gossiponthis,1553432183,1
worldnews,gossiponthis,1553436018,1
worldnews,gossiponthis,1553443577,1
worldnews,gossiponthis,1553493221,1
worldnews,IAmA,1553531606,1
worldnews,gossiponthis,1553555186,1
worldnews,gossiponthis,1553563839,1
worldnews,gossiponthis,1553568447,-1
worldnews,gossiponthis,1553595196,1
worldnews,gossiponthis,1553599340,-1
worldnews,gossiponthis,1553603540,-1
worldnews,gossiponthis,1553621303,-1
worldnews,gossiponthis,1553637853,1
worldnews,gossiponthis,1553720553,-1
worldnews,gossiponthis,1553724558,1
worldnews,gossiponthis,1553729039,-1
worldnews,gossiponthis,1553732835,-1
worldnews,gossiponthis,1553736631,-1
worldnews,gossiponthis,1553749580,1
worldnews,gossiponthis,1553803816,-1
worldnews,slide,1553806519,1
worldnews,gossiponthis,1553812340,-1
worldnews,EndlessWar,1553829139,1
worldnews,gossiponthis,1553847735,-1
worldnews,slide,1553858172,1
worldnews,gossiponthis,1553877392,1
worldnews,gossiponthis,1553881228,-1
worldnews,comic,1553902466,1
worldnews,gossiponthis,1553919738,1
worldnews,gossiponthis,1553927616,1
worldnews,gossiponthis,1553956280,-1
worldnews,gossiponthis,1553979434,-1
worldnews,gossiponthis,1553983160,-1
worldnews,gossiponthis,1553987177,1
worldnews,gossiponthis,1554020533,-1
worldnews,gossiponthis,1554037163,1
worldnews,gossiponthis,1554082994,-1
worldnews,games,1554129494,-1
worldnews,slide,1554151351,1
worldnews,gossiponthis,1554155931,-1
worldnews,gossiponthis,1554163524,-1
worldnews,gossiponthis,1554179297,1
worldnews,gossiponthis,1554184275,-1
worldnews,gossiponthis,1554189087,-1
worldnews,gossiponthis,1554193516,-1
worldnews,Graphic,1554200428,1
worldnews,gossiponthis,1554213715,1
worldnews,gossiponthis,1554222032,-1
worldnews,gossiponthis,1554226429,1
worldnews,gossiponthis,1554248238,-1
worldnews,Supervisor,1554270660,1
worldnews,gossiponthis,1554323674,1
worldnews,gossiponthis,1554328018,-1
worldnews,gossiponthis,1554332990,-1
worldnews,gossiponthis,1554336753,-1
worldnews,gossiponthis,1554344744,-1
worldnews,gossiponthis,1554348997,1
worldnews,gossiponthis,1554352816,-1
worldnews,gossiponthis,1554356608,1
worldnews,Be,1554397078,1
worldnews,gossiponthis,1554397935,-1
worldnews,gossiponthis,1554410458,1
worldnews,gossiponthis,1554414325,-1
worldnews,gossiponthis,1554422428,1
worldnews,gossiponthis,1554431352,-1
worldnews,gossiponthis,1554435259,-1
worldnews,gossiponthis,1554439464,1
worldnews,star,1554442103,-1
worldnews,gossiponthis,1554517760,-1
worldnews,gossiponthis,1554522577,-1
worldnews,gossiponthis,1554531148,-1
worldnews,gossiponthis,1554592474,1
worldnews,gossiponthis,1554604753,-1
worldnews,gossiponthis,1554612800,-1
worldnews,petthedamnduck,1554652185,1
worldnews,Aww,1554652185,1
worldnews,Under,1554658349,1
worldnews,Under,1554658474,1
worldnews,Under,1554658651,1
worldnews,Under,1554659189,1
worldnews,Under,1554679654,1
worldnews,gossiponthis,1554687437,-1
worldnews,gossiponthis,1554691427,-1
worldnews,gossiponthis,1554712578,-1
worldnews,gossiponthis,1554716248,1
worldnews,animalalbumcovers,1554716969,1
worldnews,gossiponthis,1554774558,1
worldnews,gossiponthis,1554778184,-1
worldnews,gossiponthis,1554783034,-1
worldnews,gossiponthis,1554787535,1
worldnews,gossiponthis,1554792537,-1
worldnews,songwriter,1554820791,1
worldnews,gossiponthis,1554833541,1
worldnews,gossiponthis,1554846646,1
worldnews,author,1554855315,1
worldnews,gossiponthis,1554864796,-1
worldnews,gossiponthis,1554878749,-1
worldnews,gossiponthis,1554883348,1
worldnews,gossiponthis,1554887238,-1
worldnews,gossiponthis,1554890834,-1
worldnews,gossiponthis,1554911286,1
worldnews,gossiponthis,1554932918,1
worldnews,director,1554952848,-1
worldnews,gossiponthis,1555004459,1
worldnews,gossiponthis,1555010013,-1
worldnews,20,1555832838,1
worldnews,Waitress,1555996754,1
worldnews,Associate,1556052877,1
worldnews,Professor,1556052877,1
worldnews,Wedding,1556151188,1
worldnews,Associate,1556175073,1
worldnews,Professor,1556175073,1
worldnews,Associate,1556188597,1
worldnews,Professor,1556188597,1
worldnews,politics2,1556233559,-1
worldnews,Thisismylifemeow,1556455769,1
worldnews,Associate,1556868197,1
worldnews,Professor,1556868197,1
worldnews,Catbun,1556963365,1
worldnews,Hate,1557067277,1
worldnews,Son,1557252365,-1
worldnews,pension,1557579400,1
worldnews,newsnew,1557613597,1
worldnews,aspergers,1558187509,-1
worldnews,HappyWoofGifs,1558259351,1
worldnews,Shutterstock,1558407613,1
worldnews,canada,1558584099,1
worldnews,Getty,1558647015,-1
worldnews,politics,1558744800,1
worldnews,news,1558744800,1
worldnews,Uber,1558895193,-1
worldnews,Catloaf,1558950554,1
worldnews,STX,1559403014,1
worldnews,Getty,1559581215,1
worldnews,solter14,1559843467,1
worldnews,REX,1560378615,1
worldnews,news,1560417476,1
worldnews,Getty,1560573013,1
worldnews,Selection,1560690014,1
worldnews,Videos,1560883079,-1
worldnews,michigan,1561027447,-1
worldnews,Getty,1561057214,1
worldnews,The_Donald,1561575080,-1
worldnews,The_Donald,1561577340,-1
worldnews,unpopularnews,1561577340,-1
worldnews,The_Donald,1561583023,-1
worldnews,The_Donald,1561600848,-1
worldnews,Getty,1561699814,1
worldnews,EUnews,1561708303,1
worldnews,EUnews,1561750714,1
worldnews,Shutterstock,1561788013,-1
worldnews,3664144002,1562000576,-1
worldnews,3750623002,1562000576,-1
worldnews,Getty,1562166013,1
worldnews,technology,1562249431,-1
worldnews,Getty,1562288412,-1
worldnews,politics,1562304086,-1
worldnews,Asar,1562344593,1
worldnews,Getty,1562749212,1
worldnews,smear,1562916082,-1
worldnews,KCASports2019,1562929220,1
worldnews,News,1563034772,1
worldnews,foodporn,1563038782,1
worldnews,REX,1563084021,1
worldnews,churchcrimes,1563465220,1
worldnews,HongKong,1563786064,-1
worldnews,index,1563909673,1
worldnews,churchcrimes,1564103478,-1
worldnews,churchcrimes,1564170712,1
worldnews,churchcrimes,1564170866,-1
worldnews,politics,1564470518,-1
worldnews,regular,1565541470,-1
worldnews,videos,1565653860,1
worldnews,soccer,1565837128,-1
worldnews,Getty,1566218652,1
worldnews,Shutterstock,1566347472,-1
worldnews,Getty,1566352631,1
worldnews,pics,1566446564,1
worldnews,Getty,1566484816,1
worldnews,month,1566618545,1
worldnews,REX,1566633792,1
worldnews,Getty,1566675311,-1
worldnews,churchcrimes,1566952977,-1
worldnews,th,1567075548,1
worldnews,REX,1567606811,1
worldnews,pics,1567608048,1
worldnews,WireImage,1567648390,-1
worldnews,Songwriter,1568537470,1
worldnews,news,1568723092,1
worldnews,AllBetcom,1569066973,1
worldnews,Rare,1569193691,1
worldnews,KurdistanNews,1569376025,1
worldnews,KurdistanNews,1569468833,1
worldnews,hongkong,1570104843,1
worldnews,hi,1570472952,1
worldnews,index,1570653384,1
worldnews,Leader,1571716847,-1
worldnews,intimidate,1574018866,-1
worldnews,TheDonald,1574348728,1
worldnews,Sino,1574375146,1
worldnews,surgeon,1574940056,1
worldnews,dental,1575026503,1
worldnews,songwriter,1575819230,1
worldnews,Songwriter,1575822555,-1
worldnews,Builder,1576154247,1
worldnews,missed,1576163506,1
worldnews,news,1576434064,-1
worldnews,India,1576528312,-1
worldnews,status,1578012981,1
worldnews,news,1578271581,-1
worldnews,author,1578701495,-1
worldnews,Monsanto,1579271534,1
worldnews,secretnomore,1579556558,-1
worldnews,gcccr,1579556558,-1
worldnews,status,1579622262,-1
worldnews,sports,1580082018,-1
worldnews,Sino,1580151678,-1
worldnews,gossiponthis,1580246582,1
worldnews,Waitress,1580625803,1
worldnews,China,1581090738,1
worldnews,Hostess,1581145818,1
worldnews,lodyhelp,1581396709,1
worldnews,gossiponthis,1581552693,1
worldnews,gossiponthis,1581569076,-1
worldnews,gossiponthis,1581573984,-1
worldnews,gossiponthis,1581583673,-1
worldnews,Senior,1582269247,1
worldnews,COVID19_Outbreak,1582846137,1
worldnews,date,1582913366,1
worldnews,medicine,1583206791,1
worldnews,COVID19,1583206791,1
worldnews,coronavirus,1583206791,1
worldnews,medicine,1583206791,1
worldnews,2552397,1583229032,1
worldnews,show,1583251270,1
worldnews,covid19maryland,1584188766,1
worldnews,LearnCybersecurity,1584215892,1
worldnews,electric,1584297315,-1
worldnews,zaidhamami,1584366806,1
worldnews,pics,1584381677,1
worldnews,Asia,1584412440,-1
worldnews,Extractor,1584478157,1
worldnews,ForUnitedStates,1584689111,-1
worldnews,aww,1584757707,1
worldnews,aww,1584757709,1
worldnews,aww,1584762570,1
worldnews,aww,1584768506,1
worldnews,aww,1584768512,1
worldnews,quarantining,1584915438,1
worldnews,yr,1584966734,1
worldnews,activist,1585083392,-1
worldnews,activist,1585083609,-1
worldnews,all,1585468855,-1
worldnews,all,1585468966,-1
worldnews,europe,1585772489,1
worldnews,coronavirus,1585909647,-1
worldnews,songwriter,1585939247,-1
worldnews,Brand,1585979245,1
worldnews,astrology,1586201129,1
worldnews,Square,1586296354,1
worldnews,Square,1586299336,1
worldnews,Square,1586319577,1
worldnews,Square,1586339281,1
worldnews,Square,1586339384,1
worldnews,Accountant,1586580879,1
worldnews,sinistersecrets,1586893039,1
worldnews,Analyst,1587013153,1
worldnews,Waitress,1587013154,1
worldnews,Techniker,1587121206,1
worldnews,Senior,1587185653,1
worldnews,Senior,1587434581,1
worldnews,TheColorIsBlue,1587502187,-1
worldnews,Aqua,1588096833,1
worldnews,29,1588165891,1
worldnews,Manager,1588738337,1
worldnews,pornvids,1588952966,1
worldnews,Integrative,1589130166,1
worldnews,Editor,1590121115,1
worldnews,s,1590209823,1
worldnews,re,1590355529,1
worldnews,th,1590551915,1
worldnews,worldpolitics2,1590639461,-1
worldnews,Hospital,1590641896,1
worldnews,worldpolitics2,1590679897,1
worldnews,news,1590685644,-1
worldnews,Male,1590728235,1
worldnews,cctv,1591025519,-1
worldnews,whe96668,1591235919,1
worldnews,n,1591673894,1
worldnews,politics,1591731757,-1
worldnews,Renters,1591749382,1
worldnews,th,1591761005,1
worldnews,Ireland,1591812215,-1
worldnews,worldpolitics2,1592235099,-1
worldnews,worldpolitics2,1592278435,-1
worldnews,MSF,1592331104,1
worldnews,trumpnews,1592487219,1
worldnews,worldpolitics2,1592693254,-1
worldnews,teenagers,1592716492,1
worldnews,worldpolitics2,1592950277,-1
worldnews,developer,1592971028,1
worldnews,worldpolitics2,1593035633,-1
worldnews,Waitress,1593061027,1
worldnews,son,1593179012,-1
worldnews,son,1593183340,-1
worldnews,son,1593186315,-1
worldnews,son,1593190270,-1
worldnews,son,1593190273,-1
worldnews,son,1593190371,-1
worldnews,son,1593191104,-1
worldnews,son,1593191399,-1
worldnews,son,1593192474,-1
worldnews,son,1593193052,-1
worldnews,Mechanical,1593233835,1
worldnews,Specialist,1593406639,1
worldnews,The_Donald,1593450161,-1
worldnews,The_Donald,1593450201,1
worldnews,ChapoTrapHouse,1593450201,1
worldnews,ChapoTrapHouse,1593450525,1
worldnews,The_Donald,1593450525,1
worldnews,The_Donald,1593452489,-1
worldnews,ChapoTrapHouse,1593452489,-1
worldnews,The_Donald,1593452489,-1
worldnews,ChapoTrapHouse,1593452489,-1
worldnews,The_Donald,1593455001,1
worldnews,The_Donald,1593455351,-1
worldnews,The_Donald,1593455817,1
worldnews,ChapoTrapHouse,1593455817,1
worldnews,The_Donald,1593494897,1
worldnews,worldpolitics2,1593829643,-1
worldnews,worldpolitics2,1594085440,-1
worldnews,MotivationalMemes18,1594101617,1
worldnews,Waitress,1594184255,1
worldnews,hmmm,1594261712,1
worldnews,hmmm,1594261717,1
worldnews,hmmm,1594266572,1
worldnews,Civil,1594270634,1
worldnews,hmmm,1594272508,1
worldnews,hmmm,1594272513,1
worldnews,worldpolitics2,1595125691,1
worldnews,Power,1595134656,1
worldnews,BioNTech,1595263792,1
worldnews,worldpolitics2,1595343784,-1
worldnews,worldpolitics2,1595449382,1
worldnews,videos,1595557445,1
worldnews,blogspot,1596074824,1
worldnews,UAE,1596171452,1
worldnews,HVAC,1596517044,1
worldnews,Draftsman,1596776240,1
worldnews,freshmemes,1596863252,1
worldnews,coronavirus,1597285239,1
worldnews,Golden_State,1597651684,-1
worldnews,0,1597953318,1
worldnews,0,1597953774,1
worldnews,Car,1598529082,1
worldnews,Small,1598532686,1
worldnews,Infant,1598718973,1
worldnews,Boys,1598773880,1
worldnews,Infant,1598877365,1
worldnews,Crib,1599007887,1
worldnews,ASM,1599026229,1
worldnews,C,1599109034,1
worldnews,TV,1599321071,1
worldnews,Car,1599339078,1
worldnews,Indoor,1599479495,1
worldnews,index,1599595667,1
worldnews,Stroller,1599623474,1
worldnews,BBQ,1599665764,1
worldnews,Xs,1599767473,1
worldnews,iPhone,1599940281,1
worldnews,protester,1599942240,1
worldnews,Mini,1599997890,1
worldnews,aww,1600228175,-1
worldnews,Analyst,1600322242,1
worldnews,Child,1600500978,1
worldnews,Operator,1600750641,1
worldnews,sabah_29,1600788592,1
worldnews,ThePINOVELA,1601128376,1
worldnews,Outdoor,1601156185,1
worldnews,Strainer,1601256973,1
worldnews,Assistant,1601272648,1
worldnews,GIS,1601272648,1
worldnews,306837,1601562559,1
worldnews,maxwellhill,1601647794,1
worldnews,Vice,1601701062,1
worldnews,Admin,1602050311,1
worldnews,www,1602109224,1
worldnews,HelpNigeriaEndSars,1602518613,1
worldnews,HalfFlops,1602658186,1
worldnews,Aww,1602658186,1
worldnews,PublicFreakouts,1602799992,1
worldnews,jollof,1602868906,1
worldnews,view,1604781088,1
worldnews,status,1604781088,1
worldnews,Biontech,1604924909,1
worldnews,The,1605032906,1
worldnews,independenciaPR,1605039887,1
worldnews,BioNTech,1605047432,1
worldnews,BioNTech,1605530927,1
worldnews,aww,1605584984,-1
worldnews,MarchingOrders,1605840437,1
worldnews,BioNTech,1605857191,1
worldnews,WorldPolitics2,1605973839,1
worldnews,WorldPolitics2,1606145208,1
worldnews,New,1606494419,-1
worldnews,ParlerWatch,1606584377,1
worldnews,TechCrunch,1606771618,1
worldnews,Biontech,1606827751,1
worldnews,Biontech,1606828144,1
worldnews,BioNTech,1606892822,1
worldnews,BioNTech,1606892844,1
worldnews,BioNTech,1606893038,1
worldnews,BioNTech,1606893115,1
worldnews,BioNTech,1606893187,1
worldnews,BioNTech,1606893352,1
worldnews,BioNTech,1606893446,1
worldnews,BioNTech,1606894060,1
worldnews,BioNTech,1606897146,1
worldnews,BioNtech,1606902332,1
worldnews,BioNTech,1606910339,1
worldnews,BioNTech,1606918237,1
worldnews,BionTech,1606919178,1
worldnews,BioNTech,1606930001,1
worldnews,BioNTech,1606978218,1
worldnews,BioNTech,1607013896,1
worldnews,Rodney,1607232589,1
worldnews,BioNTech,1607433194,1
worldnews,BioNTech,1607508181,-1
worldnews,BioNTech,1607534064,-1
worldnews,BioNTech,1607542833,-1
worldnews,BioNTech,1607545841,-1
worldnews,BioNTech,1607547349,-1
worldnews,BioNTech,1607589500,-1
worldnews,BioNTech,1607594407,-1
worldnews,BioNTech,1607602946,-1
worldnews,BioNTech,1607604162,-1
worldnews,BioNTech,1607640690,1
worldnews,BioNTech,1607740032,1
worldnews,BioNTech,1607744332,-1
worldnews,BioNTech,1607744406,-1
worldnews,BioNTEch,1607899663,1
worldnews,BioNTEch,1607942564,1
worldnews,news,1607974156,-1
worldnews,news,1607982599,-1
worldnews,news,1608030622,-1
worldnews,news,1608040806,-1
worldnews,BioNTech,1608141055,1
worldnews,BioNTech,1608371403,1
worldnews,BioNTech,1608374970,1
worldnews,BioNTech,1608629183,-1
worldnews,Videos,1608652854,-1
worldnews,GeekWire,1609208778,1
worldnews,BioNTech,1609528735,-1
worldnews,BioNTech,1609536306,-1
worldnews,B,1609537338,-1
worldnews,Grape,1609590372,1
worldnews,BioNTech,1609657985,1
worldnews,BioNTech,1609697522,-1
worldnews,Axios,1609820799,-1
worldnews,Axios,1609885651,-1
worldnews,TechCrunch,1609986397,-1
worldnews,BioNTech,1610077585,1
worldnews,DonaldTrump,1610130498,1
worldnews,DonaldTrump,1610148965,1
worldnews,DonaldTrump,1610150505,1
worldnews,The,1610159208,-1
worldnews,BioNTech,1610162663,1
worldnews,TorrentFreak,1610256423,-1
worldnews,New,1610335602,1
worldnews,news,1610519674,1
worldnews,CNBC,1610547970,1
worldnews,Axios,1610584077,-1
worldnews,TechCrunch,1610641622,1
worldnews,TechCrunch,1610763997,-1
worldnews,Bloomberg,1610825296,-1
worldnews,Aww,1610855381,1
worldnews,Reuters,1611116771,1
worldnews,Moderna,1611249108,1
worldnews,Moderna,1611249223,1
worldnews,Moderna,1611249694,1
worldnews,Moderna,1611250107,1
worldnews,1078920,1611407143,1
worldnews,world,1611778635,1
worldnews,WallStreetBets,1611793699,-1
worldnews,WallStreetBets,1611840472,1
worldnews,348520,1611916827,-1
worldnews,WallStreetBets,1611919675,1
worldnews,307885,1612018132,1
worldnews,wsb,1612087099,1
worldnews,6112602653,1612148807,1
worldnews,Coinbase,1612385413,1
worldnews,voiceofmyanmar,1612547342,1
worldnews,US,1612547342,1
worldnews,Washington,1612547342,1
worldnews,MyanmarMilitaryCoup,1612547805,-1
worldnews,HearTheVoiceOfMyanmar,1612584243,-1
worldnews,WeNeedDemocracy,1612584243,-1
worldnews,SaveMyanmar,1612584243,-1
worldnews,savemyanmar,1612687007,-1
worldnews,saveMyanmar,1612688271,-1
worldnews,Zealousideal,1612780152,1
worldnews,Big_Ad4042,1612809873,1
worldnews,Burma,1612876800,1
worldnews,SaveMyanmar,1612898119,1
worldnews,Stopdictatorship,1612898119,1
worldnews,FightforDemocracy,1612898119,1
worldnews,justiceforMyanmar,1612898119,1
worldnews,HearthevoiceofMyanmar,1612898119,1
worldnews,whatishappeninginMyanmar,1612898119,1
worldnews,69,1612942905,1
worldnews,Burma,1613027255,-1
worldnews,nato,1613176102,1
worldnews,Indianews,1613230090,-1
worldnews,Gates,1614077940,1
worldnews,HotTradingOfficial,1614113568,1
worldnews,policies,1614249824,1
worldnews,asean,1614249824,1
worldnews,Greens,1614279424,1
worldnews,podcast,1614328412,1
worldnews,aww,1614743386,1
worldnews,thirst,1614773844,-1
worldnews,Best,1614787601,1
worldnews,TheRedditarian,1615238623,1
worldnews,BioNTech,1615272269,1
worldnews,BioNTech,1615334704,1
worldnews,Marist,1615483614,1
worldnews,ego_death_club,1615885760,1
worldnews,Burma,1616415135,-1
worldnews,BioNTech,1616557381,-1
worldnews,BioNTech,1616557629,-1
worldnews,BioNTech,1616583092,1
worldnews,BioNTech,1617200772,1
worldnews,BioNTech,1617226031,1
worldnews,bed,1617294417,1
worldnews,BioNTech,1617303524,1
worldnews,DrumDGriff,1617653939,1
worldnews,atmosphere,1617666532,1
worldnews,MyanmarSpring,1618252119,1
worldnews,us,1618879477,1
worldnews,SunValley2021,1619978135,1
worldnews,QAnoncasualties,1620087440,1
worldnews,Clothes,1620291657,1
worldnews,SOSColombia,1620432987,1
worldnews,AnimalYawnKingdom,1620532202,1
worldnews,aww,1620532202,1
worldnews,aww,1620704993,-1
worldnews,FreeCoins,1620899147,1
worldnews,songwriter,1621137606,1
worldnews,BioNTech,1621328122,1
worldnews,give_it,1621434816,1
worldnews,submillimeter,1621544508,1
worldnews,VTHOTrading,1621672107,1
worldnews,BioNTech,1621944307,1
worldnews,VibeStop,1621954721,1
worldnews,teefies,1622000990,1
worldnews,aww,1622000990,1
worldnews,aww,1622076585,-1
worldnews,Busan,1622466071,-1
worldnews,BioNTech,1622526908,1
worldnews,km,1622614880,1
worldnews,km,1622614880,1
worldnews,maziar_motamedi_190127060358086,1622644992,1
worldnews,BioNTech,1622753851,1
worldnews,BioNTech,1622802434,1
worldnews,ReferralBank,1622827715,1
worldnews,69,1622990067,-1
worldnews,WallStreetBets,1623244437,1
worldnews,todayilearned,1623504145,1
worldnews,singapore,1623811585,1
worldnews,itsfreelancerrahul23,1624098763,1
worldnews,Bad,1624112004,-1
worldnews,well,1624294228,1
worldnews,Philippines,1626401314,1
worldnews,BioNTech,1626868478,1
worldnews,Davao,1627992371,1
worldnews,2021,1629496770,1
worldnews,Illustrious,1629607129,1
worldnews,RealThinking,1630157966,1
worldnews,NoNewNormal,1630528322,-1
worldnews,NoNewNormal,1630530067,-1
worldnews,nonewnormal,1630536177,-1
worldnews,NoNewNormal,1630538473,-1
worldnews,NoNewNormal,1630572601,-1
worldnews,Glass,1630663949,1
worldnews,Wooden,1630663949,1
worldnews,chaos,1630966021,1
worldnews,index,1631146327,1
worldnews,TikTok,1631615171,1
worldnews,aww,1631739835,-1
worldnews,BioNTech,1633304769,-1
worldnews,BioNTech,1633435760,1
worldnews,www,1633714966,1
worldnews,HalfFlops,1634195572,1
worldnews,Aww,1634195572,1
worldnews,Outdoor,1634236042,1
worldnews,stronger,1634425651,1
worldnews,jollof,1634477813,1
worldnews,jollof,1634484624,1
worldnews,351615,1635674193,1
worldnews,CatsAreAssholes,1636236234,1
worldnews,aww,1636236234,1
worldnews,SEO,1636277754,1
worldnews,Wired,1636793298,1
worldnews,aww,1637193830,-1
worldnews,Bloomberg,1637369328,1
worldnews,BioNTech,1637953939,1
worldnews,aww,1637967840,-1
worldnews,BioNtech,1638884642,1
worldnews,budgieParty,1639695833,1
worldnews,aww,1639695833,1
worldnews,news,1641367894,-1
worldnews,Reuters,1641645036,-1
worldnews,BioNTech,1641648900,1
worldnews,RussianInvasion,1643226710,1
worldnews,worldononesub,1643694532,1
worldnews,HoneyMoney,1644579803,1
worldnews,Russia,1644621396,1
worldnews,9mPMUswW,1645154984,1
worldnews,russia,1645693166,1
worldnews,Ukraine_Doge_Army,1645740773,1
worldnews,WMD,1645756944,-1
worldnews,WallStreetsBets,1645775740,1
worldnews,europe,1645879730,1
worldnews,volunteersForUkraine,1645900607,1
worldnews,volunteersforukraine,1645916731,-1
worldnews,Russia,1645933888,-1
worldnews,russia,1645994895,-1
worldnews,nextfuckinglevel,1645997403,1
worldnews,nextfuckinglevel,1645998285,1
worldnews,canada,1646082249,1
worldnews,russia,1646090296,1
worldnews,Russia,1646091168,1
worldnews,Russia,1646140636,-1
worldnews,02,1646260584,1
worldnews,NadiiaTarasivna,1646336105,1
worldnews,Ukranian_Refugees,1646386240,1
worldnews,yr,1646417198,1
worldnews,yr,1646499014,1
worldnews,InternetWarfare,1646499589,1
worldnews,05,1646514350,-1
worldnews,immnuemed,1646813275,1
worldnews,Powerwall,1646864098,1
worldnews,ukrainianconflict,1646978571,1
worldnews,humanrights,1647752160,1
worldnews,Chodi,1648285698,-1
worldnews,GenZedong,1648285698,-1
worldnews,place,1649119596,1
worldnews,Binance_Ads,1649210585,1
worldnews,Decent_Bad_8038,1649657026,1
worldnews,predator,1649975265,1
worldnews,George,1650553280,-1
worldnews,meetandfuckger,1652021661,1
worldnews,NegotiationOptimal54,1652528305,1
worldnews,Mam,1653021891,1
worldnews,ukraine,1654084928,-1
worldnews,ukraine,1654085496,1
worldnews,Ukraine,1654114719,1
worldnews,vaquinha,1654378092,1
worldnews,Accounting,1656439961,-1
worldnews,Livechat,1658596056,1
worldnews,Whelan,1659122438,-1
worldnews,Whelan,1659130484,-1
worldnews,Moscow,1659216255,1
worldnews,bread,1660135305,1
worldnews,memes,1660135305,1
worldnews,freewares,1660589018,1
worldnews,Wirtschaftsweise,1661367912,1
worldnews,BioNTech,1661518019,-1
worldnews,BioNTech,1661518429,-1
worldnews,BioNTech,1661519931,-1
worldnews,BioNTech,1661520109,-1
worldnews,Wirtschaftsweise,1661531306,1
worldnews,Wirtschaftsweise,1661531584,1
worldnews,BioNTech,1661597487,-1
worldnews,News,1662640215,1
worldnews,Politics,1662640215,1
worldnews,Geopolitics,1662640215,1
worldnews,Europe,1662640215,1
worldnews,Brazil,1662640215,1
worldnews,Equestrian,1662640215,1
worldnews,en,1662660274,-1
worldnews,status,1662660274,-1
worldnews,StellarCannaCoin,1662975728,1
worldnews,ContagiousLaughter,1663714298,1
worldnews,environment101,1664959821,-1
worldnews,openrussia,1664999314,1
worldnews,battery,1665193013,1
worldnews,funny,1665422916,-1
worldnews,OutOfTheLoop,1665619630,1
worldnews,EaEmnLa2qy,1666715980,1
worldnews,L1Ikgxbcfl,1666715980,1
worldnews,NewIran,1666873283,1
worldnews,happy,1667138124,1
worldnews,fakta,1668001170,-1
worldnews,CEO,1668282941,1
worldnews,sweden,1668978642,1
worldnews,x27s,1669172249,1
worldnews,Elonjettracker,1671304721,-1
worldnews,ElonJetTracker,1671382393,1
worldnews,ww2database,1672296229,1
worldnews,acula,1672601801,1
worldnews,CEO,1673459518,1
worldnews,eorldnews,1673662965,1
worldnews,india,1674801644,1
worldnews,UkraineWarVideoReport,1675704934,-1
worldnews,news,1675878952,1
worldnews,u_Everest518,1676784186,1
worldnews,NewSkaters,1676784186,1
worldnews,u_Everest518,1676784192,1
worldnews,NewSkaters,1676784192,1
worldnews,MadeMeSmile,1677287404,1
worldnews,bel,1677835709,-1
worldnews,trapfinesseLDN,1677929665,1
worldnews,togetherForAmerica,1677942712,1
worldnews,IndiaRises,1678047195,1
worldnews,Ai,1678860621,1
worldnews,FreeMilesGuo,1679358947,1
worldnews,backpacking,1679936678,1
worldnews,wallstreetbets,1679966204,-1
worldnews,entreprises,1681071086,1
worldnews,just_in,1682566861,1
worldnews,Narl,1682628237,-1
worldnews,jeffrey,1682695054,1
worldnews,red,1683090887,1
worldnews,evan,1683119237,1
worldnews,wallstreetbets,1683335752,-1
worldnews,c3,1683739052,1
worldnews,eye,1684407526,1
worldnews,sea,1686631135,1
worldnews,methadone,1686714942,-1
worldnews,PHreddit,1686800761,1
worldnews,Burma,1686989093,-1
worldnews,Burma,1686989371,-1
worldnews,piracy,1687045771,-1
worldnews,USMC,1687061134,1
worldnews,status,1687087953,1
worldnews,scotland,1687643359,1
worldnews,lostredditors,1687916634,1
worldnews,blog,1687967934,1
worldnews,burgerpropoganda,1688813716,1
worldnews,underage,1689673273,-1
worldnews,what,1691863211,1
worldnews,Destroyer,1692462344,1
worldnews,X,1694434737,-1
worldnews,X,1694849494,-1
worldnews,status,1696706324,1
worldnews,Ministry,1696838712,-1
worldnews,eget,1698065234,1
worldnews,X,1698435897,-1
worldnews,Israelbias,1698950398,1
worldnews,Israelbias,1698950468,1
worldnews,WorldofFood,1699034349,1
worldnews,outside,1699882821,1
worldnews,Cryptocurrency,1700037746,1
worldnews,therewasanattempt,1700069481,1
worldnews,Times,1700201492,1
worldnews,anime_titties,1700442942,-1
worldnews,Gamble,1700749372,1
worldnews,Week,1701667658,1
worldnews,en,1701785000,-1
worldnews,en,1701785000,-1
worldnews,en,1701785000,-1
worldnews,en,1701785000,-1
worldnews,en,1701785000,-1
worldnews,en,1701785000,-1
worldnews,en,1701785000,-1
worldnews,counselling,1702367553,-1
worldnews,My,1702887456,1
worldnews,lukebryan,1704932078,1
worldnews,lukebryan,1704932096,1
worldnews,NewIran,1705473011,1
worldnews,Flummare,1706092896,-1
worldnews,news,1706248972,-1
worldnews,Pakistan,1707501125,-1
worldnews,en,1709148842,1
worldnews,PatientLawfulness227,1709710038,1
worldnews,Bloomberg,1710005284,1
worldnews,Thief,1710333030,-1
worldnews,Lyft,1710513259,1
worldnews,cuba,1710756194,1
worldnews,X,1711297551,1
worldnews,World,1711415312,1
worldnews,GreyWolves,1712169563,-1
worldnews,YoshizawaYuna,1713275334,1
worldnews,Pornhub,1713526793,1
worldnews,SakuJHentaiGirl,1713526793,1
worldnews,OnlyFans,1713526793,1
worldnews,HentaiGirl,1713526793,1
worldnews,22,1713801310,1
worldnews,World,1714134803,1
worldnews,spparvej11,1716217144,1
worldnews,60897488,1716591277,1
worldnews,546694,1717661475,1
worldnews,WEDI,1718414070,-1
worldnews,nep,1719413830,1
worldnews,Politics,1719543281,1
worldnews,status,1722948947,1
worldnews,NestoOffers,1723119633,1
worldnews,NestoOffers,1723120567,1
worldnews,X,1723481019,1
worldnews,X,1723574361,-1
worldnews,en,1724769573,1
worldnews,X,1725165971,-1
worldnews,Economy,1726721227,1
worldnews,Anxiety,1728850738,1
worldnews,no,1729104713,1
worldnews,x,1729671013,1
worldnews,Android,1731171447,-1
worldnews,r,1731975149,1
worldnews,mildlyinteresting,1732473057,1
worldnews,2024,1732912492,1
worldnews,2024,1732912992,1
worldnews,gas,1733109428,1
worldnews,news,1733235021,-1
worldnews,CARPET,1733324421,1
worldnews,CARPET,1733324515,1
worldnews,X,1733807320,1
worldnews,B0BDD94G3G,1734802757,1
worldnews,December,1734907986,1
worldnews,AVVIQ,1735648030,1
worldnews,AVVIQ,1735648684,1
